sales_date,store_key,store_id,store_type,product_key,product_no,product_description,product_division,product_category,product_subcategory,product_segment,gross_units_sold,returned_units,net_units_sold,gross_revenue,returned_revenue,net_revenue,transactions,year,month,quarter,day_of_week,day_of_month,week_of_year,is_weekend,return_rate,revenue_return_rate,lag_1,lag_7,lag_14,lag_30,rolling_mean_7,rolling_std_7,rolling_mean_14,rolling_std_14,rolling_mean_30,rolling_std_30,demand_cv_7,demand_cv_30,product_avg_demand,store_avg_demand,target_demand_7d
2026-03-31,4,STR-1229,Retail Storefront,40,PROD-100805,PROD-102578 SEG-500351 Scholar Footwear Flight Classic Zephyr,Scholar Footwear,Scholar Footwear Flight Classic,Scholar Footwear Flight Classic Zephyr,SEG-500351 Scholar Footwear Flight Classic Zephyr,1.0,0.0,1.0,76.5,0.0,76.5,1,2026,3,1,1,31,14,0,0.0,0.0,1.0,1.0,2.0,1.0,1.0,0.0,1.0714285714285714,0.2672612419124244,1.1333333333333333,0.3457459036417604,0.0,0.3050699149780239,1.0714285714285714,1.0421348314606742,7.0
2026-03-31,6,STR-1338,Retail Storefront,40,PROD-100805,PROD-102578 SEG-500351 Scholar Footwear Flight Classic Zephyr,Scholar Footwear,Scholar Footwear Flight Classic,Scholar Footwear Flight Classic Zephyr,SEG-500351 Scholar Footwear Flight Classic Zephyr,1.0,0.0,1.0,90.0,0.0,90.0,1,2026,3,1,1,31,14,0,0.0,0.0,1.0,1.0,2.0,1.0,1.1428571428571428,0.37796447300922664,1.3571428571428572,0.633323693776651,1.2,0.6643638388299198,0.33071891388307334,0.5536365323582665,1.0880503144654088,1.0278745644599303,8.0
2026-04-02,6,STR-1338,Retail Storefront,40,PROD-100805,PROD-102578 SEG-500351 Scholar Footwear Flight Classic Zephyr,Scholar Footwear,Scholar Footwear Flight Classic,Scholar Footwear Flight Classic Zephyr,SEG-500351 Scholar Footwear Flight Classic Zephyr,1.0,0.0,1.0,90.0,0.0,90.0,1,2026,4,2,3,2,14,0,0.0,0.0,1.0,1.0,1.0,0.0,1.1428571428571428,0.37796447300922664,1.2857142857142858,0.6112498455021267,1.2,0.6643638388299198,0.33071891388307334,0.5536365323582665,1.0875,1.0277777777777777,8.0
2026-04-03,6,STR-1338,Retail Storefront,40,PROD-100805,PROD-102578 SEG-500351 Scholar Footwear Flight Classic Zephyr,Scholar Footwear,Scholar Footwear Flight Classic,Scholar Footwear Flight Classic Zephyr,SEG-500351 Scholar Footwear Flight Classic Zephyr,1.0,0.0,1.0,90.0,0.0,90.0,1,2026,4,2,4,3,14,0,0.0,0.0,1.0,1.0,2.0,1.0,1.1428571428571428,0.37796447300922664,1.2857142857142858,0.6112498455021267,1.2333333333333334,0.6260623155792926,0.33071891388307334,0.5076180937129399,1.0869565217391304,1.027681660899654,10.0
2026-04-04,6,STR-1338,Retail Storefront,40,PROD-100805,PROD-102578 SEG-500351 Scholar Footwear Flight Classic Zephyr,Scholar Footwear,Scholar Footwear Flight Classic,Scholar Footwear Flight Classic Zephyr,SEG-500351 Scholar Footwear Flight Classic Zephyr,3.0,0.0,3.0,270.0,0.0,270.0,3,2026,4,2,5,4,14,1,0.0,0.0,1.0,1.0,1.0,1.0,1.1428571428571428,0.37796447300922664,1.2142857142857142,0.5789342235218394,1.2333333333333334,0.6260623155792926,0.33071891388307334,0.5076180937129399,1.0864197530864197,1.0275862068965518,10.0
2026-04-14,6,STR-1338,Retail Storefront,40,PROD-100805,PROD-102578 SEG-500351 Scholar Footwear Flight Classic Zephyr,Scholar Footwear,Scholar Footwear Flight Classic,Scholar Footwear Flight Classic Zephyr,SEG-500351 Scholar Footwear Flight Classic Zephyr,1.0,0.0,1.0,90.0,0.0,90.0,1,2026,4,2,1,14,16,0,0.0,0.0,3.0,1.0,3.0,1.0,1.4285714285714286,0.786795792469443,1.3571428571428572,0.744946343668492,1.3,0.7022132498578064,0.55075705472861,0.5401640383521588,1.098159509202454,1.034364261168385,9.0
2026-04-19,6,STR-1338,Retail Storefront,40,PROD-100805,PROD-102578 SEG-500351 Scholar Footwear Flight Classic Zephyr,Scholar Footwear,Scholar Footwear Flight Classic,Scholar Footwear Flight Classic Zephyr,SEG-500351 Scholar Footwear Flight Classic Zephyr,1.0,0.0,1.0,90.0,0.0,90.0,1,2026,4,2,6,19,16,1,0.0,0.0,1.0,2.0,1.0,1.0,1.4285714285714286,0.786795792469443,1.2142857142857142,0.5789342235218394,1.3,0.7022132498578064,0.55075705472861,0.5401640383521588,1.0975609756097562,1.0342465753424657,9.0
2025-08-24,7,STR-1148,Retail Storefront,919,PROD-161865,PROD-101708 SEG-500224 Scholar Footwear Sandals Varied,Scholar Footwear,Scholar Footwear Sandals,Scholar Footwear Sandals Varied,SEG-500224 Scholar Footwear Sandals Varied,1.0,0.0,1.0,40.0,0.0,40.0,1,2025,8,3,6,24,34,1,0.0,0.0,2.0,2.0,1.0,2.0,1.7142857142857142,0.7559289460184546,1.3571428571428572,0.633323693776651,1.3,0.651258728182957,0.44095855184409855,0.5009682524484285,1.099009900990099,1.0108794197642792,11.0
2025-08-25,7,STR-1148,Retail Storefront,919,PROD-161865,PROD-101708 SEG-500224 Scholar Footwear Sandals Varied,Scholar Footwear,Scholar Footwear Sandals,Scholar Footwear Sandals Varied,SEG-500224 Scholar Footwear Sandals Varied,1.0,0.0,1.0,40.0,0.0,40.0,1,2025,8,3,0,25,35,0,0.0,0.0,1.0,1.0,1.0,1.0,1.5714285714285714,0.7867957924694432,1.3571428571428572,0.633323693776651,1.2666666666666666,0.6396838299494919,0.5006882315714639,0.5050135499601253,1.0980392156862746,1.0108744902582691,14.0
2026-03-21,8,STR-1006,Retail Storefront,38,PROD-100803,PROD-102577 SEG-500351 Scholar Footwear Flight Classic Zephyr,Scholar Footwear,Scholar Footwear Flight Classic,Scholar Footwear Flight Classic Zephyr,SEG-500351 Scholar Footwear Flight Classic Zephyr,3.0,0.0,3.0,256.5,0.0,256.5,3,2026,3,1,5,21,12,1,0.0,0.0,1.0,0.0,1.0,1.0,1.1428571428571428,0.8997354108424372,1.0,0.6793662204867574,1.0,0.454858826147342,0.7872684844871326,0.454858826147342,1.0595238095238095,1.0653950953678475,11.0
2026-03-25,8,STR-1006,Retail Storefront,38,PROD-100803,PROD-102577 SEG-500351 Scholar Footwear Flight Classic Zephyr,Scholar Footwear,Scholar Footwear Flight Classic,Scholar Footwear Flight Classic Zephyr,SEG-500351 Scholar Footwear Flight Classic Zephyr,1.0,0.0,1.0,90.0,0.0,90.0,1,2026,3,1,2,25,13,0,0.0,0.0,3.0,1.0,1.0,1.0,1.5714285714285714,0.9759000729485331,1.1428571428571428,0.8644378215075665,1.0666666666666667,0.5832922809856746,0.6210273191490665,0.54683651342407,1.0710059171597632,1.0706521739130435,9.0
2026-03-27,8,STR-1006,Retail Storefront,38,PROD-100803,PROD-102577 SEG-500351 Scholar Footwear Flight Classic Zephyr,Scholar Footwear,Scholar Footwear Flight Classic,Scholar Footwear Flight Classic Zephyr,SEG-500351 Scholar Footwear Flight Classic Zephyr,1.0,0.0,1.0,90.0,0.0,90.0,1,2026,3,1,4,27,13,0,0.0,0.0,1.0,3.0,1.0,1.0,1.5714285714285714,0.9759000729485331,1.1428571428571428,0.8644378215075665,1.0666666666666667,0.5832922809856746,0.6210273191490665,0.54683651342407,1.0705882352941176,1.070460704607046,10.0
2026-03-28,8,STR-1006,Retail Storefront,38,PROD-100803,PROD-102577 SEG-500351 Scholar Footwear Flight Classic Zephyr,Scholar Footwear,Scholar Footwear Flight Classic,Scholar Footwear Flight Classic Zephyr,SEG-500351 Scholar Footwear Flight Classic Zephyr,2.0,0.0,2.0,180.0,0.0,180.0,2,2026,3,1,5,28,13,1,0.0,0.0,1.0,1.0,1.0,1.0,1.2857142857142858,0.7559289460184544,1.1428571428571428,0.8644378215075665,1.0666666666666667,0.5832922809856746,0.5879447357921311,0.54683651342407,1.0701754385964912,1.0702702702702702,12.0
2026-01-19,8,STR-1006,Retail Storefront,40,PROD-100805,PROD-102578 SEG-500351 Scholar Footwear Flight Classic Zephyr,Scholar Footwear,Scholar Footwear Flight Classic,Scholar Footwear Flight Classic Zephyr,SEG-500351 Scholar Footwear Flight Classic Zephyr,1.0,0.0,1.0,90.0,0.0,90.0,1,2026,1,1,0,19,4,0,0.0,0.0,1.0,1.0,1.0,1.0,1.0,0.0,1.0,0.0,0.9666666666666667,0.18257418583505536,0.0,0.1888698474155745,1.1121076233183858,1.0700934579439252,7.0
2026-02-02,8,STR-1006,Retail Storefront,40,PROD-100805,PROD-102578 SEG-500351 Scholar Footwear Flight Classic Zephyr,Scholar Footwear,Scholar Footwear Flight Classic,Scholar Footwear Flight Classic Zephyr,SEG-500351 Scholar Footwear Flight Classic Zephyr,1.0,0.0,1.0,90.0,0.0,90.0,1,2026,2,1,0,2,6,0,0.0,0.0,1.0,1.0,1.0,1.0,1.0,0.0,1.0,0.0,0.9666666666666667,0.18257418583505536,0.0,0.1888698474155745,1.1116071428571428,1.06993006993007,7.0
2026-02-05,8,STR-1006,Retail Storefront,40,PROD-100805,PROD-102578 SEG-500351 Scholar Footwear Flight Classic Zephyr,Scholar Footwear,Scholar Footwear Flight Classic,Scholar Footwear Flight Classic Zephyr,SEG-500351 Scholar Footwear Flight Classic Zephyr,1.0,0.0,1.0,90.0,0.0,90.0,1,2026,2,1,3,5,6,0,0.0,0.0,1.0,1.0,1.0,1.0,1.0,0.0,1.0,0.0,0.9666666666666667,0.18257418583505536,0.0,0.1888698474155745,1.1111111111111112,1.069767441860465,7.0
2026-02-06,8,STR-1006,Retail Storefront,40,PROD-100805,PROD-102578 SEG-500351 Scholar Footwear Flight Classic Zephyr,Scholar Footwear,Scholar Footwear Flight Classic,Scholar Footwear Flight Classic Zephyr,SEG-500351 Scholar Footwear Flight Classic Zephyr,1.0,0.0,1.0,90.0,0.0,90.0,1,2026,2,1,4,6,6,0,0.0,0.0,1.0,1.0,1.0,0.0,1.0,0.0,1.0,0.0,0.9666666666666667,0.18257418583505536,0.0,0.1888698474155745,1.1106194690265487,1.0696055684454757,9.0
2026-02-12,8,STR-1006,Retail Storefront,40,PROD-100805,PROD-102578 SEG-500351 Scholar Footwear Flight Classic Zephyr,Scholar Footwear,Scholar Footwear Flight Classic,Scholar Footwear Flight Classic Zephyr,SEG-500351 Scholar Footwear Flight Classic Zephyr,3.0,1.0,2.0,234.0,90.0,144.0,3,2026,2,1,3,12,7,0,0.3333333333333333,0.38461538461538464,1.0,1.0,1.0,1.0,1.0,0.0,1.0,0.0,1.0,0.0,0.0,0.0,1.1101321585903083,1.0694444444444444,10.0
2026-02-13,8,STR-1006,Retail Storefront,40,PROD-100805,PROD-102578 SEG-500351 Scholar Footwear Flight Classic Zephyr,Scholar Footwear,Scholar Footwear Flight Classic,Scholar Footwear Flight Classic Zephyr,SEG-500351 Scholar Footwear Flight Classic Zephyr,2.0,1.0,1.0,180.0,90.0,90.0,3,2026,2,1,4,13,7,0,0.5,0.5,3.0,1.0,1.0,1.0,1.2857142857142858,0.7559289460184545,1.1428571428571428,0.5345224838248488,1.0666666666666667,0.3651483716701107,0.5879447357921312,0.3423265984407288,1.118421052631579,1.073903002309469,11.0
2026-02-20,8,STR-1006,Retail Storefront,40,PROD-100805,PROD-102578 SEG-500351 Scholar Footwear Flight Classic Zephyr,Scholar Footwear,Scholar Footwear Flight Classic,Scholar Footwear Flight Classic Zephyr,SEG-500351 Scholar Footwear Flight Classic Zephyr,2.0,0.0,2.0,180.0,0.0,180.0,2,2026,2,1,4,20,8,0,0.0,0.0,2.0,1.0,1.0,1.0,1.4285714285714286,0.7867957924694432,1.2142857142857142,0.5789342235218394,1.1,0.4025778999364488,0.5507570547286103,0.36597990903313526,1.1222707423580787,1.076036866359447,11.0
2026-02-21,8,STR-1006,Retail Storefront,40,PROD-100805,PROD-102578 SEG-500351 Scholar Footwear Flight Classic Zephyr,Scholar Footwear,Scholar Footwear Flight Classic,Scholar Footwear Flight Classic Zephyr,SEG-500351 Scholar Footwear Flight Classic Zephyr,1.0,0.0,1.0,90.0,0.0,90.0,1,2026,2,1,5,21,8,1,0.0,0.0,2.0,1.0,1.0,1.0,1.5714285714285714,0.7867957924694432,1.2857142857142858,0.6112498455021267,1.1333333333333333,0.43417248545530474,0.5006882315714639,0.38309336951938655,1.126086956521739,1.07816091954023,11.0
2026-02-24,8,STR-1006,Retail Storefront,40,PROD-100805,PROD-102578 SEG-500351 Scholar Footwear Flight Classic Zephyr,Scholar Footwear,Scholar Footwear Flight Classic,Scholar Footwear Flight Classic Zephyr,SEG-500351 Scholar Footwear Flight Classic Zephyr,1.0,0.0,1.0,90.0,0.0,90.0,1,2026,2,1,1,24,9,0,0.0,0.0,1.0,1.0,1.0,1.0,1.5714285714285714,0.7867957924694432,1.2857142857142858,0.6112498455021267,1.1333333333333333,0.43417248545530474,0.5006882315714639,0.38309336951938655,1.1255411255411256,1.0779816513761469,11.0
2026-02-27,8,STR-1006,Retail Storefront,40,PROD-100805,PROD-102578 SEG-500351 Scholar Footwear Flight Classic Zephyr,Scholar Footwear,Scholar Footwear Flight Classic,Scholar Footwear Flight Classic Zephyr,SEG-500351 Scholar Footwear Flight Classic Zephyr,1.0,0.0,1.0,90.0,0.0,90.0,1,2026,2,1,4,27,9,0,0.0,0.0,1.0,1.0,1.0,1.0,1.5714285714285714,0.7867957924694432,1.2857142857142858,0.6112498455021267,1.1333333333333333,0.43417248545530474,0.5006882315714639,0.38309336951938655,1.125,1.0778032036613272,12.0
2026-02-28,8,STR-1006,Retail Storefront,40,PROD-100805,PROD-102578 SEG-500351 Scholar Footwear Flight Classic Zephyr,Scholar Footwear,Scholar Footwear Flight Classic,Scholar Footwear Flight Classic Zephyr,SEG-500351 Scholar Footwear Flight Classic Zephyr,2.0,0.0,2.0,180.0,0.0,180.0,2,2026,2,1,5,28,9,1,0.0,0.0,1.0,1.0,1.0,1.0,1.5714285714285714,0.7867957924694432,1.2857142857142858,0.6112498455021267,1.1333333333333333,0.43417248545530474,0.5006882315714639,0.38309336951938655,1.1244635193133048,1.0776255707762556,10.0
2026-03-05,8,STR-1006,Retail Storefront,40,PROD-100805,PROD-102578 SEG-500351 Scholar Footwear Flight Classic Zephyr,Scholar Footwear,Scholar Footwear Flight Classic,Scholar Footwear Flight Classic Zephyr,SEG-500351 Scholar Footwear Flight Classic Zephyr,1.0,0.0,1.0,90.0,0.0,90.0,1,2026,3,1,3,5,10,0,0.0,0.0,2.0,3.0,1.0,1.0,1.7142857142857142,0.7559289460184545,1.3571428571428572,0.633323693776651,1.1666666666666667,0.4611330373774141,0.4409585518440985,0.39525688918064067,1.1282051282051282,1.0797266514806378,9.0
2026-03-06,8,STR-1006,Retail Storefront,40,PROD-100805,PROD-102578 SEG-500351 Scholar Footwear Flight Classic Zephyr,Scholar Footwear,Scholar Footwear Flight Classic,Scholar Footwear Flight Classic Zephyr,SEG-500351 Scholar Footwear Flight Classic Zephyr,1.0,0.0,1.0,90.0,0.0,90.0,1,2026,3,1,4,6,10,0,0.0,0.0,1.0,2.0,1.0,1.0,1.4285714285714286,0.5345224838248488,1.3571428571428572,0.633323693776651,1.1666666666666667,0.4611330373774141,0.37416573867739417,0.39525688918064067,1.127659574468085,1.0795454545454546,10.0
2026-03-14,8,STR-1006,Retail Storefront,40,PROD-100805,PROD-102578 SEG-500351 Scholar Footwear Flight Classic Zephyr,Scholar Footwear,Scholar Footwear Flight Classic,Scholar Footwear Flight Classic Zephyr,SEG-500351 Scholar Footwear Flight Classic Zephyr,3.0,0.0,3.0,270.0,0.0,270.0,3,2026,3,1,5,14,11,1,0.0,0.0,1.0,2.0,1.0,1.0,1.2857142857142858,0.48795003647426666,1.3571428571428572,0.633323693776651,1.1666666666666667,0.4611330373774141,0.3795166950355407,0.39525688918064067,1.1271186440677967,1.0793650793650793,11.0
2026-03-25,8,STR-1006,Retail Storefront,40,PROD-100805,PROD-102578 SEG-500351 Scholar Footwear Flight Classic Zephyr,Scholar Footwear,Scholar Footwear Flight Classic,Scholar Footwear Flight Classic Zephyr,SEG-500351 Scholar Footwear Flight Classic Zephyr,2.0,0.0,2.0,180.0,0.0,180.0,2,2026,3,1,2,25,13,0,0.0,0.0,3.0,1.0,1.0,1.0,1.4285714285714286,0.7867957924694432,1.5,0.75955452531275,1.2333333333333334,0.5683207771559355,0.5507570547286103,0.4608006301264342,1.1350210970464134,1.083710407239819,11.0
2026-03-28,8,STR-1006,Retail Storefront,40,PROD-100805,PROD-102578 SEG-500351 Scholar Footwear Flight Classic Zephyr,Scholar Footwear,Scholar Footwear Flight Classic,Scholar Footwear Flight Classic Zephyr,SEG-500351 Scholar Footwear Flight Classic Zephyr,1.0,0.0,1.0,90.0,0.0,90.0,1,2026,3,1,5,28,13,1,0.0,0.0,2.0,1.0,1.0,1.0,1.5714285714285714,0.7867957924694432,1.5714285714285714,0.7559289460184546,1.2666666666666666,0.5832922809856749,0.5006882315714639,0.4604939060413223,1.138655462184874,1.0857787810383748,11.0
2026-04-01,8,STR-1006,Retail Storefront,40,PROD-100805,PROD-102578 SEG-500351 Scholar Footwear Flight Classic Zephyr,Scholar Footwear,Scholar Footwear Flight Classic,Scholar Footwear Flight Classic Zephyr,SEG-500351 Scholar Footwear Flight Classic Zephyr,1.0,0.0,1.0,76.5,0.0,76.5,1,2026,4,2,2,1,14,0,0.0,0.0,1.0,1.0,1.0,1.0,1.5714285714285714,0.7867957924694432,1.5714285714285714,0.7559289460184546,1.2666666666666666,0.5832922809856749,0.5006882315714639,0.4604939060413223,1.1380753138075315,1.0855855855855856,10.0
2026-04-02,8,STR-1006,Retail Storefront,40,PROD-100805,PROD-102578 SEG-500351 Scholar Footwear Flight Classic Zephyr,Scholar Footwear,Scholar Footwear Flight Classic,Scholar Footwear Flight Classic Zephyr,SEG-500351 Scholar Footwear Flight Classic Zephyr,1.0,0.0,1.0,90.0,0.0,90.0,1,2026,4,2,3,2,14,0,0.0,0.0,1.0,2.0,1.0,1.0,1.5714285714285714,0.7867957924694432,1.5714285714285714,0.7559289460184546,1.2666666666666666,0.5832922809856749,0.5006882315714639,0.4604939060413223,1.1375,1.0853932584269663,11.0
2026-04-03,8,STR-1006,Retail Storefront,40,PROD-100805,PROD-102578 SEG-500351 Scholar Footwear Flight Classic Zephyr,Scholar Footwear,Scholar Footwear Flight Classic,Scholar Footwear Flight Classic Zephyr,SEG-500351 Scholar Footwear Flight Classic Zephyr,2.0,0.0,2.0,180.0,0.0,180.0,2,2026,4,2,4,3,14,0,0.0,0.0,1.0,1.0,3.0,1.0,1.4285714285714286,0.7867957924694432,1.5714285714285714,0.7559289460184546,1.2666666666666666,0.5832922809856749,0.5507570547286103,0.4604939060413223,1.1369294605809128,1.0852017937219731,12.0
2026-04-04,8,STR-1006,Retail Storefront,40,PROD-100805,PROD-102578 SEG-500351 Scholar Footwear Flight Classic Zephyr,Scholar Footwear,Scholar Footwear Flight Classic,Scholar Footwear Flight Classic Zephyr,SEG-500351 Scholar Footwear Flight Classic Zephyr,2.0,0.0,2.0,180.0,0.0,180.0,2,2026,4,2,5,4,14,1,0.0,0.0,2.0,1.0,2.0,1.0,1.5714285714285714,0.7867957924694432,1.5,0.650443635587991,1.3,0.5959634332684377,0.5006882315714639,0.45843341020649053,1.140495867768595,1.087248322147651,10.0
2026-04-05,8,STR-1006,Retail Storefront,40,PROD-100805,PROD-102578 SEG-500351 Scholar Footwear Flight Classic Zephyr,Scholar Footwear,Scholar Footwear Flight Classic,Scholar Footwear Flight Classic Zephyr,SEG-500351 Scholar Footwear Flight Classic Zephyr,1.0,0.0,1.0,90.0,0.0,90.0,1,2026,4,2,6,5,14,1,0.0,0.0,2.0,3.0,2.0,1.0,1.7142857142857142,0.7559289460184545,1.5,0.650443635587991,1.3333333333333333,0.6064784348631228,0.4409585518440985,0.45485882614734213,1.1440329218106995,1.0892857142857142,9.0
2026-04-04,9,STR-1074,Retail Storefront,40,PROD-100805,PROD-102578 SEG-500351 Scholar Footwear Flight Classic Zephyr,Scholar Footwear,Scholar Footwear Flight Classic,Scholar Footwear Flight Classic Zephyr,SEG-500351 Scholar Footwear Flight Classic Zephyr,1.0,0.0,1.0,90.0,0.0,90.0,1,2026,4,2,5,4,14,1,0.0,0.0,1.0,2.0,1.0,1.0,1.4285714285714286,0.9759000729485331,1.1428571428571428,0.7703288865196433,1.0666666666666667,0.5208304597621879,0.6831300510639732,0.48827855602705117,1.1345454545454545,0.9957983193277311,8.0
2026-04-09,9,STR-1074,Retail Storefront,40,PROD-100805,PROD-102578 SEG-500351 Scholar Footwear Flight Classic Zephyr,Scholar Footwear,Scholar Footwear Flight Classic,Scholar Footwear Flight Classic Zephyr,SEG-500351 Scholar Footwear Flight Classic Zephyr,1.0,0.0,1.0,90.0,0.0,90.0,1,2026,4,2,3,9,15,0,0.0,0.0,1.0,2.0,0.0,1.0,1.2857142857142858,0.9511897312113419,1.1428571428571428,0.7703288865196433,1.0666666666666667,0.5208304597621879,0.7398142353865992,0.48827855602705117,1.1340579710144927,0.99581589958159,8.0
2026-04-11,9,STR-1074,Retail Storefront,40,PROD-100805,PROD-102578 SEG-500351 Scholar Footwear Flight Classic Zephyr,Scholar Footwear,Scholar Footwear Flight Classic,Scholar Footwear Flight Classic Zephyr,SEG-500351 Scholar Footwear Flight Classic Zephyr,1.0,0.0,1.0,90.0,0.0,90.0,1,2026,4,2,5,11,15,1,0.0,0.0,1.0,1.0,1.0,1.0,1.1428571428571428,0.8997354108424375,1.2142857142857142,0.6992932067530679,1.0666666666666667,0.5208304597621879,0.7872684844871328,0.48827855602705117,1.1335740072202165,0.9958333333333333,8.0
2026-04-19,9,STR-1074,Retail Storefront,40,PROD-100805,PROD-102578 SEG-500351 Scholar Footwear Flight Classic Zephyr,Scholar Footwear,Scholar Footwear Flight Classic,Scholar Footwear Flight Classic Zephyr,SEG-500351 Scholar Footwear Flight Classic Zephyr,1.0,0.0,1.0,90.0,0.0,90.0,1,2026,4,2,6,19,16,1,0.0,0.0,1.0,1.0,1.0,1.0,1.1428571428571428,0.8997354108424375,1.2142857142857142,0.6992932067530679,1.0666666666666667,0.5208304597621879,0.7872684844871328,0.48827855602705117,1.1330935251798562,0.995850622406639,9.0
2026-02-27,9,STR-1074,Retail Storefront,277,PROD-140871,PROD-100439 SEG-500064 Scholar Footwear Boot Collection Woodland,Scholar Footwear,Scholar Footwear Boot Collection,Scholar Footwear Boot Collection Woodland,SEG-500064 Scholar Footwear Boot Collection Woodland,0.0,1.0,-1.0,0.0,120.0,-120.0,1,2026,2,1,4,27,9,0,0.0,0.0,1.0,2.0,1.0,1.0,1.1428571428571428,0.6900655593423541,1.1428571428571428,0.5345224838248488,1.1333333333333333,0.43417248545530474,0.60380736442456,0.38309336951938655,1.135483870967742,0.9904306220095693,5.0
2026-03-07,12,STR-1038,Retail Storefront,40,PROD-100805,PROD-102578 SEG-500351 Scholar Footwear Flight Classic Zephyr,Scholar Footwear,Scholar Footwear Flight Classic,Scholar Footwear Flight Classic Zephyr,SEG-500351 Scholar Footwear Flight Classic Zephyr,1.0,0.0,1.0,90.0,0.0,90.0,1,2026,3,1,5,7,10,1,0.0,0.0,1.0,1.0,1.0,1.0,1.0,0.0,1.2142857142857142,0.5789342235218394,1.0666666666666667,0.5208304597621878,0.0,0.48827855602705106,1.1243093922651934,1.046070460704607,8.0
2026-03-11,12,STR-1038,Retail Storefront,40,PROD-100805,PROD-102578 SEG-500351 Scholar Footwear Flight Classic Zephyr,Scholar Footwear,Scholar Footwear Flight Classic,Scholar Footwear Flight Classic Zephyr,SEG-500351 Scholar Footwear Flight Classic Zephyr,2.0,0.0,2.0,180.0,0.0,180.0,2,2026,3,1,2,11,11,0,0.0,0.0,1.0,1.0,1.0,1.0,1.0,0.0,1.2142857142857142,0.5789342235218394,1.0666666666666667,0.5208304597621878,0.0,0.48827855602705106,1.1239669421487604,1.045945945945946,8.0
2026-03-21,12,STR-1038,Retail Storefront,40,PROD-100805,PROD-102578 SEG-500351 Scholar Footwear Flight Classic Zephyr,Scholar Footwear,Scholar Footwear Flight Classic,Scholar Footwear Flight Classic Zephyr,SEG-500351 Scholar Footwear Flight Classic Zephyr,1.0,0.0,1.0,90.0,0.0,90.0,1,2026,3,1,5,21,12,1,0.0,0.0,2.0,1.0,1.0,1.0,1.1428571428571428,0.37796447300922725,1.2857142857142858,0.6112498455021267,1.1,0.5477225575051661,0.33071891388307384,0.4979295977319691,1.1263736263736264,1.0485175202156334,8.0
2026-04-04,12,STR-1038,Retail Storefront,40,PROD-100805,PROD-102578 SEG-500351 Scholar Footwear Flight Classic Zephyr,Scholar Footwear,Scholar Footwear Flight Classic,Scholar Footwear Flight Classic Zephyr,SEG-500351 Scholar Footwear Flight Classic Zephyr,1.0,0.0,1.0,90.0,0.0,90.0,1,2026,4,2,5,4,14,1,0.0,0.0,1.0,1.0,1.0,1.0,1.1428571428571428,0.37796447300922725,1.2857142857142858,0.6112498455021267,1.1,0.5477225575051661,0.33071891388307384,0.4979295977319691,1.126027397260274,1.0483870967741935,8.0
2026-04-09,12,STR-1038,Retail Storefront,40,PROD-100805,PROD-102578 SEG-500351 Scholar Footwear Flight Classic Zephyr,Scholar Footwear,Scholar Footwear Flight Classic,Scholar Footwear Flight Classic Zephyr,SEG-500351 Scholar Footwear Flight Classic Zephyr,1.0,0.0,1.0,90.0,0.0,90.0,1,2026,4,2,3,9,15,0,0.0,0.0,1.0,1.0,1.0,0.0,1.1428571428571428,0.37796447300922725,1.2857142857142858,0.6112498455021267,1.1,0.5477225575051661,0.33071891388307384,0.4979295977319691,1.1256830601092895,1.0482573726541555,8.0
2026-04-11,12,STR-1038,Retail Storefront,40,PROD-100805,PROD-102578 SEG-500351 Scholar Footwear Flight Classic Zephyr,Scholar Footwear,Scholar Footwear Flight Classic,Scholar Footwear Flight Classic Zephyr,SEG-500351 Scholar Footwear Flight Classic Zephyr,1.0,0.0,1.0,90.0,0.0,90.0,1,2026,4,2,5,11,15,1,0.0,0.0,1.0,1.0,2.0,1.0,1.1428571428571428,0.37796447300922725,1.2857142857142858,0.6112498455021267,1.1333333333333333,0.5074162634049248,0.33071891388307384,0.4477202324161102,1.125340599455041,1.0481283422459893,8.0
2026-04-17,12,STR-1038,Retail Storefront,40,PROD-100805,PROD-102578 SEG-500351 Scholar Footwear Flight Classic Zephyr,Scholar Footwear,Scholar Footwear Flight Classic,Scholar Footwear Flight Classic Zephyr,SEG-500351 Scholar Footwear Flight Classic Zephyr,1.0,0.0,1.0,90.0,0.0,90.0,1,2026,4,2,4,17,16,0,0.0,0.0,1.0,1.0,3.0,1.0,1.1428571428571428,0.37796447300922725,1.2142857142857142,0.5789342235218394,1.1333333333333333,0.5074162634049248,0.33071891388307384,0.4477202324161102,1.125,1.048,8.0
2025-12-23,13,STR-1080,Retail Storefront,277,PROD-140871,PROD-100439 SEG-500064 Scholar Footwear Boot Collection Woodland,Scholar Footwear,Scholar Footwear Boot Collection,Scholar Footwear Boot Collection Woodland,SEG-500064 Scholar Footwear Boot Collection Woodland,2.0,0.0,2.0,240.0,0.0,240.0,2,2025,12,4,1,23,52,0,0.0,0.0,1.0,1.0,1.0,1.0,1.4285714285714286,0.786795792469443,1.3571428571428572,0.8418973861410953,1.3,0.8366600265340756,0.55075705472861,0.6435846357954427,1.126984126984127,1.0303830911492735,13.0
2025-12-24,13,STR-1080,Retail Storefront,277,PROD-140871,PROD-100439 SEG-500064 Scholar Footwear Boot Collection Woodland,Scholar Footwear,Scholar Footwear Boot Collection,Scholar Footwear Boot Collection Woodland,SEG-500064 Scholar Footwear Boot Collection Woodland,4.0,0.0,4.0,480.0,0.0,480.0,4,2025,12,4,2,24,52,0,0.0,0.0,2.0,2.0,1.0,1.0,1.5714285714285714,0.7867957924694428,1.4285714285714286,0.85163062725264,1.3333333333333333,0.8441822541139559,0.5006882315714636,0.633136690585467,1.1304347826086956,1.0316622691292876,14.0
2025-12-31,13,STR-1080,Retail Storefront,277,PROD-140871,PROD-100439 SEG-500064 Scholar Footwear Boot Collection Woodland,Scholar Footwear,Scholar Footwear Boot Collection,Scholar Footwear Boot Collection Woodland,SEG-500064 Scholar Footwear Boot Collection Woodland,2.0,0.0,2.0,240.0,0.0,240.0,2,2025,12,4,2,31,1,0,0.0,0.0,4.0,1.0,3.0,1.0,1.8571428571428572,1.2149857925879115,1.6428571428571428,1.0818177620697813,1.4333333333333333,0.9714309861845772,0.6542231190857984,0.6777425485008678,1.141732283464567,1.0355731225296443,11.0
2026-01-10,13,STR-1080,Retail Storefront,277,PROD-140871,PROD-100439 SEG-500064 Scholar Footwear Boot Collection Woodland,Scholar Footwear,Scholar Footwear Boot Collection,Scholar Footwear Boot Collection Woodland,SEG-500064 Scholar Footwear Boot Collection Woodland,0.0,1.0,-1.0,0.0,120.0,-120.0,1,2026,1,1,5,10,2,1,0.0,0.0,2.0,3.0,1.0,1.0,2.0,1.154700538379251,1.5714285714285714,1.0163498575623615,1.4666666666666666,0.9732042112432565,0.5773502691896255,0.663548325847675,1.1450980392156862,1.0368421052631578,11.0
2026-01-16,13,STR-1080,Retail Storefront,277,PROD-140871,PROD-100439 SEG-500064 Scholar Footwear Boot Collection Woodland,Scholar Footwear,Scholar Footwear Boot Collection,Scholar Footwear Boot Collection Woodland,SEG-500064 Scholar Footwear Boot Collection Woodland,1.0,0.0,1.0,120.0,0.0,120.0,1,2026,1,1,4,16,3,0,0.0,0.0,0.0,1.0,2.0,1.0,1.5714285714285714,1.2724180205607034,1.5,1.0919284281983377,1.4333333333333333,1.0063019815944514,0.8097205585386295,0.7020711499496173,1.140625,1.0354796320630748,11.0
2026-01-30,13,STR-1080,Retail Storefront,277,PROD-140871,PROD-100439 SEG-500064 Scholar Footwear Boot Collection Woodland,Scholar Footwear,Scholar Footwear Boot Collection,Scholar Footwear Boot Collection Woodland,SEG-500064 Scholar Footwear Boot Collection Woodland,1.0,0.0,1.0,120.0,0.0,120.0,1,2026,1,1,4,30,5,0,0.0,0.0,1.0,1.0,1.0,1.0,1.5714285714285714,1.2724180205607034,1.4285714285714286,1.0894095588038442,1.4333333333333333,1.0063019815944514,0.8097205585386295,0.7020711499496173,1.140077821011673,1.0354330708661417,11.0
2026-02-07,13,STR-1080,Retail Storefront,277,PROD-140871,PROD-100439 SEG-500064 Scholar Footwear Boot Collection Woodland,Scholar Footwear,Scholar Footwear Boot Collection,Scholar Footwear Boot Collection Woodland,SEG-500064 Scholar Footwear Boot Collection Woodland,1.0,0.0,1.0,120.0,0.0,120.0,1,2026,2,1,5,7,6,1,0.0,0.0,1.0,1.0,0.0,1.0,1.5714285714285714,1.2724180205607034,1.4285714285714286,1.0894095588038442,1.4333333333333333,1.0063019815944514,0.8097205585386295,0.7020711499496173,1.1395348837209303,1.035386631716907,10.0
2026-02-09,13,STR-1080,Retail Storefront,277,PROD-140871,PROD-100439 SEG-500064 Scholar Footwear Boot Collection Woodland,Scholar Footwear,Scholar Footwear Boot Collection,Scholar Footwear Boot Collection Woodland,SEG-500064 Scholar Footwear Boot Collection Woodland,1.0,0.0,1.0,120.0,0.0,120.0,1,2026,2,1,0,9,7,0,0.0,0.0,1.0,2.0,1.0,4.0,1.5714285714285714,1.2724180205607034,1.5,1.019049330730136,1.4333333333333333,1.0063019815944514,0.8097205585386295,0.7020711499496173,1.138996138996139,1.0353403141361257,7.0
2026-02-11,13,STR-1080,Retail Storefront,277,PROD-140871,PROD-100439 SEG-500064 Scholar Footwear Boot Collection Woodland,Scholar Footwear,Scholar Footwear Boot Collection,Scholar Footwear Boot Collection Woodland,SEG-500064 Scholar Footwear Boot Collection Woodland,1.0,0.0,1.0,120.0,0.0,120.0,1,2026,2,1,2,11,7,0,0.0,0.0,1.0,4.0,2.0,1.0,1.4285714285714286,1.2724180205607034,1.5,1.019049330730136,1.3333333333333333,0.8840866447369844,0.8906926143924924,0.6630649835527384,1.1384615384615384,1.035294117647059,6.0
2026-02-12,13,STR-1080,Retail Storefront,277,PROD-140871,PROD-100439 SEG-500064 Scholar Footwear Boot Collection Woodland,Scholar Footwear,Scholar Footwear Boot Collection,Scholar Footwear Boot Collection Woodland,SEG-500064 Scholar Footwear Boot Collection Woodland,1.0,0.0,1.0,120.0,0.0,120.0,1,2026,2,1,3,12,7,0,0.0,0.0,1.0,2.0,1.0,0.0,1.0,0.5773502691896258,1.4285714285714286,1.0163498575623615,1.3333333333333333,0.8840866447369844,0.5773502691896258,0.6630649835527384,1.1379310344827587,1.0352480417754568,8.0
2026-02-13,13,STR-1080,Retail Storefront,277,PROD-140871,PROD-100439 SEG-500064 Scholar Footwear Boot Collection Woodland,Scholar Footwear,Scholar Footwear Boot Collection,Scholar Footwear Boot Collection Woodland,SEG-500064 Scholar Footwear Boot Collection Woodland,2.0,0.0,2.0,240.0,0.0,240.0,2,2026,2,1,4,13,7,0,0.0,0.0,1.0,0.0,3.0,1.0,0.8571428571428571,0.37796447300922764,1.4285714285714286,1.0163498575623615,1.3666666666666667,0.8502873077655142,0.44095855184409893,0.6221614447064738,1.1374045801526718,1.0352020860495437,8.0
2026-02-22,13,STR-1080,Retail Storefront,277,PROD-140871,PROD-100439 SEG-500064 Scholar Footwear Boot Collection Woodland,Scholar Footwear,Scholar Footwear Boot Collection,Scholar Footwear Boot Collection Woodland,SEG-500064 Scholar Footwear Boot Collection Woodland,1.0,0.0,1.0,120.0,0.0,120.0,1,2026,2,1,6,22,8,1,0.0,0.0,2.0,1.0,1.0,1.0,1.1428571428571428,0.3779644730092273,1.3571428571428572,0.9287827316640648,1.4,0.8550055454548938,0.3307189138830739,0.6107182467534956,1.1406844106463878,1.0364583333333333,9.0
2026-04-03,13,STR-1080,Retail Storefront,277,PROD-140871,PROD-100439 SEG-500064 Scholar Footwear Boot Collection Woodland,Scholar Footwear,Scholar Footwear Boot Collection,Scholar Footwear Boot Collection Woodland,SEG-500064 Scholar Footwear Boot Collection Woodland,2.0,0.0,2.0,240.0,0.0,240.0,2,2026,4,2,4,3,14,0,0.0,0.0,1.0,1.0,1.0,2.0,1.1428571428571428,0.3779644730092273,1.3571428571428572,0.9287827316640648,1.4,0.8550055454548938,0.3307189138830739,0.6107182467534956,1.1401515151515151,1.0364109232769831,9.0
2026-04-18,17,STR-1198,Retail Storefront,277,PROD-140871,PROD-100439 SEG-500064 Scholar Footwear Boot Collection Woodland,Scholar Footwear,Scholar Footwear Boot Collection,Scholar Footwear Boot Collection Woodland,SEG-500064 Scholar Footwear Boot Collection Woodland,1.0,0.0,1.0,120.0,0.0,120.0,1,2026,4,2,5,18,16,1,0.0,0.0,1.0,0.0,1.0,1.0,1.1428571428571428,0.8997354108424372,1.2142857142857142,0.6992932067530679,1.1333333333333333,0.5074162634049248,0.7872684844871326,0.4477202324161102,1.1335311572700297,0.9929494712103408,7.0
2026-03-01,18,STR-1044,Retail Storefront,40,PROD-100805,PROD-102578 SEG-500351 Scholar Footwear Flight Classic Zephyr,Scholar Footwear,Scholar Footwear Flight Classic,Scholar Footwear Flight Classic Zephyr,SEG-500351 Scholar Footwear Flight Classic Zephyr,1.0,0.0,1.0,90.0,0.0,90.0,1,2026,3,1,6,1,9,1,0.0,0.0,1.0,1.0,1.0,1.0,1.0,0.0,1.0,0.0,1.0666666666666667,0.3651483716701107,0.0,0.3423265984407288,1.1077844311377245,1.0538720538720538,7.0
2026-03-04,18,STR-1044,Retail Storefront,40,PROD-100805,PROD-102578 SEG-500351 Scholar Footwear Flight Classic Zephyr,Scholar Footwear,Scholar Footwear Flight Classic,Scholar Footwear Flight Classic Zephyr,SEG-500351 Scholar Footwear Flight Classic Zephyr,1.0,0.0,1.0,90.0,0.0,90.0,1,2026,3,1,2,4,10,0,0.0,0.0,1.0,1.0,1.0,2.0,1.0,0.0,1.0,0.0,1.0666666666666667,0.3651483716701107,0.0,0.3423265984407288,1.1075697211155378,1.0536912751677852,7.0
2026-03-09,18,STR-1044,Retail Storefront,40,PROD-100805,PROD-102578 SEG-500351 Scholar Footwear Flight Classic Zephyr,Scholar Footwear,Scholar Footwear Flight Classic,Scholar Footwear Flight Classic Zephyr,SEG-500351 Scholar Footwear Flight Classic Zephyr,1.0,0.0,1.0,90.0,0.0,90.0,1,2026,3,1,0,9,11,0,0.0,0.0,1.0,1.0,1.0,2.0,1.0,0.0,1.0,0.0,1.0333333333333334,0.31984191497474596,0.0,0.30952443384652834,1.1073558648111332,1.0535117056856187,7.0
2026-03-13,18,STR-1044,Retail Storefront,40,PROD-100805,PROD-102578 SEG-500351 Scholar Footwear Flight Classic Zephyr,Scholar Footwear,Scholar Footwear Flight Classic,Scholar Footwear Flight Classic Zephyr,SEG-500351 Scholar Footwear Flight Classic Zephyr,1.0,0.0,1.0,90.0,0.0,90.0,1,2026,3,1,4,13,11,0,0.0,0.0,1.0,1.0,1.0,1.0,1.0,0.0,1.0,0.0,1.0,0.26261286571944514,0.0,0.26261286571944514,1.1071428571428572,1.0533333333333332,8.0
2026-03-14,18,STR-1044,Retail Storefront,40,PROD-100805,PROD-102578 SEG-500351 Scholar Footwear Flight Classic Zephyr,Scholar Footwear,Scholar Footwear Flight Classic,Scholar Footwear Flight Classic Zephyr,SEG-500351 Scholar Footwear Flight Classic Zephyr,2.0,0.0,2.0,180.0,0.0,180.0,2,2026,3,1,5,14,11,1,0.0,0.0,1.0,1.0,1.0,1.0,1.0,0.0,1.0,0.0,1.0,0.26261286571944514,0.0,0.26261286571944514,1.106930693069307,1.053156146179402,8.0
2026-03-16,18,STR-1044,Retail Storefront,40,PROD-100805,PROD-102578 SEG-500351 Scholar Footwear Flight Classic Zephyr,Scholar Footwear,Scholar Footwear Flight Classic,Scholar Footwear Flight Classic Zephyr,SEG-500351 Scholar Footwear Flight Classic Zephyr,1.0,0.0,1.0,90.0,0.0,90.0,1,2026,3,1,0,16,12,0,0.0,0.0,2.0,1.0,1.0,1.0,1.1428571428571428,0.37796447300922703,1.0714285714285714,0.2672612419124243,1.0333333333333334,0.31984191497474596,0.3307189138830737,0.30952443384652834,1.108695652173913,1.0562913907284768,8.0
2026-03-19,18,STR-1044,Retail Storefront,40,PROD-100805,PROD-102578 SEG-500351 Scholar Footwear Flight Classic Zephyr,Scholar Footwear,Scholar Footwear Flight Classic,Scholar Footwear Flight Classic Zephyr,SEG-500351 Scholar Footwear Flight Classic Zephyr,1.0,0.0,1.0,90.0,0.0,90.0,1,2026,3,1,3,19,12,0,0.0,0.0,1.0,1.0,1.0,1.0,1.1428571428571428,0.37796447300922703,1.0714285714285714,0.2672612419124243,1.0333333333333334,0.31984191497474596,0.3307189138830737,0.30952443384652834,1.1084812623274163,1.056105610561056,8.0
2026-03-20,18,STR-1044,Retail Storefront,40,PROD-100805,PROD-102578 SEG-500351 Scholar Footwear Flight Classic Zephyr,Scholar Footwear,Scholar Footwear Flight Classic,Scholar Footwear Flight Classic Zephyr,SEG-500351 Scholar Footwear Flight Classic Zephyr,1.0,0.0,1.0,76.5,0.0,76.5,1,2026,3,1,4,20,12,0,0.0,0.0,1.0,1.0,1.0,1.0,1.1428571428571428,0.37796447300922703,1.0714285714285714,0.2672612419124243,1.0333333333333334,0.31984191497474596,0.3307189138830737,0.30952443384652834,1.108267716535433,1.055921052631579,8.0
2026-03-25,18,STR-1044,Retail Storefront,40,PROD-100805,PROD-102578 SEG-500351 Scholar Footwear Flight Classic Zephyr,Scholar Footwear,Scholar Footwear Flight Classic,Scholar Footwear Flight Classic Zephyr,SEG-500351 Scholar Footwear Flight Classic Zephyr,1.0,0.0,1.0,90.0,0.0,90.0,1,2026,3,1,2,25,13,0,0.0,0.0,1.0,1.0,1.0,1.0,1.1428571428571428,0.37796447300922703,1.0714285714285714,0.2672612419124243,1.0333333333333334,0.31984191497474596,0.3307189138830737,0.30952443384652834,1.1080550098231827,1.0557377049180328,8.0
2026-03-26,18,STR-1044,Retail Storefront,40,PROD-100805,PROD-102578 SEG-500351 Scholar Footwear Flight Classic Zephyr,Scholar Footwear,Scholar Footwear Flight Classic,Scholar Footwear Flight Classic Zephyr,SEG-500351 Scholar Footwear Flight Classic Zephyr,1.0,0.0,1.0,90.0,0.0,90.0,1,2026,3,1,3,26,13,0,0.0,0.0,1.0,1.0,1.0,2.0,1.1428571428571428,0.37796447300922703,1.0714285714285714,0.2672612419124243,1.0333333333333334,0.31984191497474596,0.3307189138830737,0.30952443384652834,1.107843137254902,1.0555555555555556,11.0
2026-03-28,18,STR-1044,Retail Storefront,40,PROD-100805,PROD-102578 SEG-500351 Scholar Footwear Flight Classic Zephyr,Scholar Footwear,Scholar Footwear Flight Classic,Scholar Footwear Flight Classic Zephyr,SEG-500351 Scholar Footwear Flight Classic Zephyr,4.0,0.0,4.0,346.5,0.0,346.5,4,2026,3,1,5,28,13,1,0.0,0.0,1.0,1.0,1.0,1.0,1.1428571428571428,0.37796447300922703,1.0714285714285714,0.2672612419124243,1.0,0.26261286571944514,0.3307189138830737,0.26261286571944514,1.1076320939334638,1.0553745928338762,13.0
2026-04-04,18,STR-1044,Retail Storefront,40,PROD-100805,PROD-102578 SEG-500351 Scholar Footwear Flight Classic Zephyr,Scholar Footwear,Scholar Footwear Flight Classic,Scholar Footwear Flight Classic Zephyr,SEG-500351 Scholar Footwear Flight Classic Zephyr,4.0,0.0,4.0,360.0,0.0,360.0,4,2026,4,2,5,4,14,1,0.0,0.0,4.0,2.0,1.0,1.0,1.5714285714285714,1.1338934190276817,1.2857142857142858,0.825420305855557,1.1,0.607425318241987,0.721568539381252,0.5522048347654427,1.11328125,1.0649350649350648,15.0
2025-12-23,19,STR-1253,Retail Storefront,277,PROD-140871,PROD-100439 SEG-500064 Scholar Footwear Boot Collection Woodland,Scholar Footwear,Scholar Footwear Boot Collection,Scholar Footwear Boot Collection Woodland,SEG-500064 Scholar Footwear Boot Collection Woodland,1.0,0.0,1.0,120.0,0.0,120.0,1,2025,12,4,1,23,52,0,0.0,0.0,1.0,1.0,1.0,1.0,1.4285714285714286,0.5345224838248489,1.2142857142857142,0.42581531362632014,1.1666666666666667,0.3790490217894517,0.3741657386773942,0.3248991615338157,1.134517766497462,1.0115681233933163,10.0
2026-02-15,19,STR-1253,Retail Storefront,277,PROD-140871,PROD-100439 SEG-500064 Scholar Footwear Boot Collection Woodland,Scholar Footwear,Scholar Footwear Boot Collection,Scholar Footwear Boot Collection Woodland,SEG-500064 Scholar Footwear Boot Collection Woodland,1.0,0.0,1.0,120.0,0.0,120.0,1,2026,2,1,6,15,7,1,0.0,0.0,1.0,1.0,1.0,1.0,1.4285714285714286,0.5345224838248489,1.2142857142857142,0.42581531362632014,1.1666666666666667,0.3790490217894517,0.3741657386773942,0.3248991615338157,1.1341772151898735,1.011553273427471,9.0
2026-02-17,19,STR-1253,Retail Storefront,277,PROD-140871,PROD-100439 SEG-500064 Scholar Footwear Boot Collection Woodland,Scholar Footwear,Scholar Footwear Boot Collection,Scholar Footwear Boot Collection Woodland,SEG-500064 Scholar Footwear Boot Collection Woodland,1.0,0.0,1.0,108.0,0.0,108.0,1,2026,2,1,1,17,8,0,0.0,0.0,1.0,2.0,1.0,1.0,1.4285714285714286,0.5345224838248489,1.2142857142857142,0.42581531362632014,1.1666666666666667,0.3790490217894517,0.3741657386773942,0.3248991615338157,1.1338383838383839,1.0115384615384615,8.0
2026-02-21,19,STR-1253,Retail Storefront,277,PROD-140871,PROD-100439 SEG-500064 Scholar Footwear Boot Collection Woodland,Scholar Footwear,Scholar Footwear Boot Collection,Scholar Footwear Boot Collection Woodland,SEG-500064 Scholar Footwear Boot Collection Woodland,1.0,0.0,1.0,120.0,0.0,120.0,1,2026,2,1,5,21,8,1,0.0,0.0,1.0,2.0,1.0,1.0,1.2857142857142858,0.4879500364742667,1.2142857142857142,0.42581531362632014,1.1666666666666667,0.3790490217894517,0.37951669503554075,0.3248991615338157,1.1335012594458438,1.0115236875800255,7.0
2026-03-09,19,STR-1253,Retail Storefront,277,PROD-140871,PROD-100439 SEG-500064 Scholar Footwear Boot Collection Woodland,Scholar Footwear,Scholar Footwear Boot Collection,Scholar Footwear Boot Collection Woodland,SEG-500064 Scholar Footwear Boot Collection Woodland,1.0,1.0,0.0,120.0,120.0,0.0,2,2026,3,1,0,9,11,0,1.0,1.0,1.0,2.0,1.0,1.0,1.1428571428571428,0.3779644730092274,1.2142857142857142,0.42581531362632014,1.1666666666666667,0.3790490217894517,0.330718913883074,0.3248991615338157,1.1331658291457287,1.0115089514066495,7.0
2026-03-13,19,STR-1253,Retail Storefront,277,PROD-140871,PROD-100439 SEG-500064 Scholar Footwear Boot Collection Woodland,Scholar Footwear,Scholar Footwear Boot Collection,Scholar Footwear Boot Collection Woodland,SEG-500064 Scholar Footwear Boot Collection Woodland,1.0,0.0,1.0,120.0,0.0,120.0,1,2026,3,1,4,13,11,0,0.0,0.0,1.0,1.0,1.0,1.0,1.0,0.0,1.2142857142857142,0.42581531362632014,1.1666666666666667,0.3790490217894517,0.0,0.3248991615338157,1.1328320802005012,1.0114942528735633,7.0
2026-03-28,19,STR-1253,Retail Storefront,277,PROD-140871,PROD-100439 SEG-500064 Scholar Footwear Boot Collection Woodland,Scholar Footwear,Scholar Footwear Boot Collection,Scholar Footwear Boot Collection Woodland,SEG-500064 Scholar Footwear Boot Collection Woodland,1.0,0.0,1.0,120.0,0.0,120.0,1,2026,3,1,5,28,13,1,0.0,0.0,1.0,1.0,1.0,1.0,1.0,0.0,1.2142857142857142,0.42581531362632014,1.1666666666666667,0.3790490217894517,0.0,0.3248991615338157,1.1325,1.0114795918367347,7.0
2026-04-09,19,STR-1253,Retail Storefront,277,PROD-140871,PROD-100439 SEG-500064 Scholar Footwear Boot Collection Woodland,Scholar Footwear,Scholar Footwear Boot Collection,Scholar Footwear Boot Collection Woodland,SEG-500064 Scholar Footwear Boot Collection Woodland,1.0,0.0,1.0,120.0,0.0,120.0,1,2026,4,2,3,9,15,0,0.0,0.0,1.0,1.0,1.0,1.0,1.0,0.0,1.2142857142857142,0.42581531362632014,1.1666666666666667,0.3790490217894517,0.0,0.3248991615338157,1.1321695760598505,1.0114649681528662,7.0
2026-03-16,25,STR-1026,Retail Storefront,40,PROD-100805,PROD-102578 SEG-500351 Scholar Footwear Flight Classic Zephyr,Scholar Footwear,Scholar Footwear Flight Classic,Scholar Footwear Flight Classic Zephyr,SEG-500351 Scholar Footwear Flight Classic Zephyr,0.0,1.0,-1.0,0.0,90.0,-90.0,1,2026,3,1,0,16,12,0,0.0,0.0,1.0,1.0,2.0,2.0,1.2857142857142858,0.4879500364742664,1.2857142857142858,0.7262730392025629,1.1666666666666667,0.5920934999167599,0.3795166950355405,0.5075087142143656,1.1088825214899714,1.0033898305084745,9.0
2026-03-20,25,STR-1026,Retail Storefront,40,PROD-100805,PROD-102578 SEG-500351 Scholar Footwear Flight Classic Zephyr,Scholar Footwear,Scholar Footwear Flight Classic,Scholar Footwear Flight Classic Zephyr,SEG-500351 Scholar Footwear Flight Classic Zephyr,3.0,0.0,3.0,270.0,0.0,270.0,3,2026,3,1,4,20,12,0,0.0,0.0,0.0,2.0,1.0,1.0,1.1428571428571428,0.690065559342354,1.1428571428571428,0.7703288865196434,1.1,0.6074253182419871,0.6038073644245598,0.5522048347654428,1.1072961373390557,1.0,9.0
2026-03-22,25,STR-1026,Retail Storefront,40,PROD-100805,PROD-102578 SEG-500351 Scholar Footwear Flight Classic Zephyr,Scholar Footwear,Scholar Footwear Flight Classic,Scholar Footwear Flight Classic Zephyr,SEG-500351 Scholar Footwear Flight Classic Zephyr,1.0,0.0,1.0,90.0,0.0,90.0,1,2026,3,1,6,22,12,1,0.0,0.0,3.0,1.0,1.0,1.0,1.2857142857142858,0.9511897312113418,1.2857142857142858,0.9138735334633754,1.1666666666666667,0.698931861576246,0.7398142353865991,0.5990844527796394,1.11,1.0067340067340067,8.0
2026-03-26,25,STR-1026,Retail Storefront,40,PROD-100805,PROD-102578 SEG-500351 Scholar Footwear Flight Classic Zephyr,Scholar Footwear,Scholar Footwear Flight Classic,Scholar Footwear Flight Classic Zephyr,SEG-500351 Scholar Footwear Flight Classic Zephyr,1.0,0.0,1.0,90.0,0.0,90.0,1,2026,3,1,3,26,13,0,0.0,0.0,1.0,2.0,3.0,1.0,1.2857142857142858,0.9511897312113418,1.2857142857142858,0.9138735334633754,1.1666666666666667,0.698931861576246,0.7398142353865991,0.5990844527796394,1.109843081312411,1.0067114093959733,7.0
2026-04-01,25,STR-1026,Retail Storefront,40,PROD-100805,PROD-102578 SEG-500351 Scholar Footwear Flight Classic Zephyr,Scholar Footwear,Scholar Footwear Flight Classic,Scholar Footwear Flight Classic Zephyr,SEG-500351 Scholar Footwear Flight Classic Zephyr,0.0,1.0,-1.0,0.0,90.0,-90.0,1,2026,4,2,2,1,14,0,0.0,0.0,1.0,1.0,0.0,1.0,1.1428571428571428,0.8997354108424372,1.1428571428571428,0.7703288865196434,1.1666666666666667,0.698931861576246,0.7872684844871326,0.5990844527796394,1.1096866096866096,1.0066889632107023,7.0
2026-04-04,25,STR-1026,Retail Storefront,40,PROD-100805,PROD-102578 SEG-500351 Scholar Footwear Flight Classic Zephyr,Scholar Footwear,Scholar Footwear Flight Classic,Scholar Footwear Flight Classic Zephyr,SEG-500351 Scholar Footwear Flight Classic Zephyr,1.0,0.0,1.0,90.0,0.0,90.0,1,2026,4,2,5,4,14,1,0.0,0.0,0.0,1.0,1.0,1.0,1.0,0.9999999999999998,1.1428571428571428,0.7703288865196434,1.1333333333333333,0.7302967433402214,0.9999999999999998,0.6443794794178425,1.1081081081081081,1.0033333333333334,7.0
2026-04-08,25,STR-1026,Retail Storefront,40,PROD-100805,PROD-102578 SEG-500351 Scholar Footwear Flight Classic Zephyr,Scholar Footwear,Scholar Footwear Flight Classic,Scholar Footwear Flight Classic Zephyr,SEG-500351 Scholar Footwear Flight Classic Zephyr,1.0,0.0,1.0,90.0,0.0,90.0,1,2026,4,2,2,8,15,0,0.0,0.0,1.0,1.0,1.0,1.0,1.0,0.9999999999999998,1.1428571428571428,0.7703288865196434,1.1333333333333333,0.7302967433402214,0.9999999999999998,0.6443794794178425,1.1079545454545454,1.0033222591362125,8.0
2026-04-10,25,STR-1026,Retail Storefront,40,PROD-100805,PROD-102578 SEG-500351 Scholar Footwear Flight Classic Zephyr,Scholar Footwear,Scholar Footwear Flight Classic,Scholar Footwear Flight Classic Zephyr,SEG-500351 Scholar Footwear Flight Classic Zephyr,1.0,0.0,1.0,90.0,0.0,90.0,1,2026,4,2,4,10,15,0,0.0,0.0,1.0,0.0,1.0,1.0,1.0,0.9999999999999998,1.1428571428571428,0.7703288865196434,1.1333333333333333,0.7302967433402214,0.9999999999999998,0.6443794794178425,1.1078014184397162,1.0033112582781456,6.0
2026-04-11,25,STR-1026,Retail Storefront,40,PROD-100805,PROD-102578 SEG-500351 Scholar Footwear Flight Classic Zephyr,Scholar Footwear,Scholar Footwear Flight Classic,Scholar Footwear Flight Classic Zephyr,SEG-500351 Scholar Footwear Flight Classic Zephyr,1.0,0.0,1.0,90.0,0.0,90.0,1,2026,4,2,5,11,15,1,0.0,0.0,1.0,3.0,2.0,1.0,1.1428571428571428,0.8997354108424372,1.1428571428571428,0.7703288865196434,1.1333333333333333,0.7302967433402214,0.7872684844871326,0.6443794794178425,1.1076487252124645,1.0033003300330032,6.0
2026-03-17,25,STR-1026,Retail Storefront,277,PROD-140871,PROD-100439 SEG-500064 Scholar Footwear Boot Collection Woodland,Scholar Footwear,Scholar Footwear Boot Collection,Scholar Footwear Boot Collection Woodland,SEG-500064 Scholar Footwear Boot Collection Woodland,1.0,0.0,1.0,120.0,0.0,120.0,1,2026,3,1,1,17,12,0,0.0,0.0,1.0,1.0,1.0,1.0,0.8571428571428571,0.37796447300922714,0.9285714285714286,0.2672612419124245,1.0,0.26261286571944514,0.4409585518440984,0.26261286571944514,1.118867924528302,0.9842312746386334,6.0
2026-03-19,25,STR-1026,Retail Storefront,277,PROD-140871,PROD-100439 SEG-500064 Scholar Footwear Boot Collection Woodland,Scholar Footwear,Scholar Footwear Boot Collection,Scholar Footwear Boot Collection Woodland,SEG-500064 Scholar Footwear Boot Collection Woodland,1.0,0.0,1.0,102.0,0.0,102.0,1,2026,3,1,3,19,12,0,0.0,0.0,1.0,1.0,1.0,1.0,0.8571428571428571,0.37796447300922714,0.9285714285714286,0.2672612419124245,1.0,0.26261286571944514,0.4409585518440984,0.26261286571944514,1.11864406779661,0.984251968503937,6.0
2026-03-22,25,STR-1026,Retail Storefront,277,PROD-140871,PROD-100439 SEG-500064 Scholar Footwear Boot Collection Woodland,Scholar Footwear,Scholar Footwear Boot Collection,Scholar Footwear Boot Collection Woodland,SEG-500064 Scholar Footwear Boot Collection Woodland,1.0,0.0,1.0,120.0,0.0,120.0,1,2026,3,1,6,22,12,1,0.0,0.0,1.0,1.0,1.0,1.0,0.8571428571428571,0.37796447300922714,0.9285714285714286,0.2672612419124245,1.0,0.26261286571944514,0.4409585518440984,0.26261286571944514,1.118421052631579,0.9842726081258192,6.0
2026-03-26,25,STR-1026,Retail Storefront,277,PROD-140871,PROD-100439 SEG-500064 Scholar Footwear Boot Collection Woodland,Scholar Footwear,Scholar Footwear Boot Collection,Scholar Footwear Boot Collection Woodland,SEG-500064 Scholar Footwear Boot Collection Woodland,1.0,0.0,1.0,120.0,0.0,120.0,1,2026,3,1,3,26,13,0,0.0,0.0,1.0,1.0,1.0,2.0,0.8571428571428571,0.37796447300922714,0.9285714285714286,0.2672612419124245,1.0,0.26261286571944514,0.4409585518440984,0.26261286571944514,1.1181988742964353,0.9842931937172775,7.0
2026-03-07,26,STR-1305,Retail Storefront,40,PROD-100805,PROD-102578 SEG-500351 Scholar Footwear Flight Classic Zephyr,Scholar Footwear,Scholar Footwear Flight Classic,Scholar Footwear Flight Classic Zephyr,SEG-500351 Scholar Footwear Flight Classic Zephyr,3.0,0.0,3.0,220.5,0.0,220.5,3,2026,3,1,5,7,10,1,0.0,0.0,2.0,1.0,1.0,1.0,1.2857142857142858,0.4879500364742665,1.1428571428571428,0.3631365196012812,1.1333333333333333,0.6288102248298565,0.3795166950355406,0.5548325513204616,1.10840108401084,1.088135593220339,11.0
2026-03-11,26,STR-1305,Retail Storefront,40,PROD-100805,PROD-102578 SEG-500351 Scholar Footwear Flight Classic Zephyr,Scholar Footwear,Scholar Footwear Flight Classic,Scholar Footwear Flight Classic Zephyr,SEG-500351 Scholar Footwear Flight Classic Zephyr,1.0,0.0,1.0,90.0,0.0,90.0,1,2026,3,1,2,11,11,0,0.0,0.0,3.0,1.0,1.0,0.0,1.5714285714285714,0.7867957924694432,1.2857142857142858,0.6112498455021265,1.2,0.7143842296595068,0.5006882315714639,0.5953201913829224,1.1109607577807847,1.0945945945945945,11.0
2026-03-13,26,STR-1305,Retail Storefront,40,PROD-100805,PROD-102578 SEG-500351 Scholar Footwear Flight Classic Zephyr,Scholar Footwear,Scholar Footwear Flight Classic,Scholar Footwear Flight Classic Zephyr,SEG-500351 Scholar Footwear Flight Classic Zephyr,1.0,0.0,1.0,90.0,0.0,90.0,1,2026,3,1,4,13,11,0,0.0,0.0,1.0,1.0,1.0,4.0,1.5714285714285714,0.7867957924694432,1.2857142857142858,0.6112498455021265,1.2333333333333334,0.6789105539243627,0.5006882315714639,0.5504680166954292,1.1108108108108108,1.0942760942760943,12.0
2026-03-17,26,STR-1305,Retail Storefront,40,PROD-100805,PROD-102578 SEG-500351 Scholar Footwear Flight Classic Zephyr,Scholar Footwear,Scholar Footwear Flight Classic,Scholar Footwear Flight Classic Zephyr,SEG-500351 Scholar Footwear Flight Classic Zephyr,2.0,0.0,2.0,153.0,0.0,153.0,2,2026,3,1,1,17,12,0,0.0,0.0,1.0,1.0,1.0,1.0,1.5714285714285714,0.7867957924694432,1.2857142857142858,0.6112498455021265,1.1333333333333333,0.4341724854553048,0.5006882315714639,0.3830933695193866,1.1106612685560053,1.0939597315436242,11.0
2026-03-20,26,STR-1305,Retail Storefront,40,PROD-100805,PROD-102578 SEG-500351 Scholar Footwear Flight Classic Zephyr,Scholar Footwear,Scholar Footwear Flight Classic,Scholar Footwear Flight Classic Zephyr,SEG-500351 Scholar Footwear Flight Classic Zephyr,1.0,0.0,1.0,63.0,0.0,63.0,1,2026,3,1,4,20,12,0,0.0,0.0,2.0,2.0,1.0,1.0,1.7142857142857142,0.7559289460184545,1.3571428571428572,0.6333236937766508,1.1666666666666667,0.4611330373774141,0.4409585518440985,0.39525688918064067,1.1118598382749325,1.0969899665551839,12.0
2026-04-03,26,STR-1305,Retail Storefront,40,PROD-100805,PROD-102578 SEG-500351 Scholar Footwear Flight Classic Zephyr,Scholar Footwear,Scholar Footwear Flight Classic,Scholar Footwear Flight Classic Zephyr,SEG-500351 Scholar Footwear Flight Classic Zephyr,2.0,0.0,2.0,130.5,0.0,130.5,2,2026,4,2,4,3,14,0,0.0,0.0,1.0,1.0,1.0,1.0,1.5714285714285714,0.7867957924694432,1.3571428571428572,0.6333236937766508,1.1666666666666667,0.4611330373774141,0.5006882315714639,0.39525688918064067,1.1117092866756393,1.0966666666666667,12.0
2026-04-04,26,STR-1305,Retail Storefront,40,PROD-100805,PROD-102578 SEG-500351 Scholar Footwear Flight Classic Zephyr,Scholar Footwear,Scholar Footwear Flight Classic,Scholar Footwear Flight Classic Zephyr,SEG-500351 Scholar Footwear Flight Classic Zephyr,2.0,0.0,2.0,130.5,0.0,130.5,2,2026,4,2,5,4,14,1,0.0,0.0,2.0,2.0,1.0,1.0,1.7142857142857142,0.7559289460184545,1.4285714285714286,0.6462061726588638,1.2,0.4842341981115023,0.4409585518440985,0.40352849842625194,1.1129032258064515,1.0996677740863787,11.0
2026-01-17,26,STR-1305,Retail Storefront,277,PROD-140871,PROD-100439 SEG-500064 Scholar Footwear Boot Collection Woodland,Scholar Footwear,Scholar Footwear Boot Collection,Scholar Footwear Boot Collection Woodland,SEG-500064 Scholar Footwear Boot Collection Woodland,1.0,0.0,1.0,120.0,0.0,120.0,1,2026,1,1,5,17,3,1,0.0,0.0,1.0,1.0,1.0,1.0,1.2857142857142858,0.9511897312113418,1.3571428571428572,0.7449463436684919,1.4333333333333333,1.0400044208570938,0.7398142353865991,0.7255844796677399,1.1345132743362831,1.056953642384106,8.0
2026-01-26,26,STR-1305,Retail Storefront,277,PROD-140871,PROD-100439 SEG-500064 Scholar Footwear Boot Collection Woodland,Scholar Footwear,Scholar Footwear Boot Collection,Scholar Footwear Boot Collection Woodland,SEG-500064 Scholar Footwear Boot Collection Woodland,0.0,1.0,-1.0,0.0,120.0,-120.0,1,2026,1,1,0,26,5,0,0.0,0.0,1.0,1.0,2.0,1.0,1.2857142857142858,0.9511897312113418,1.3571428571428572,0.7449463436684919,1.4333333333333333,1.0400044208570938,0.7398142353865991,0.7255844796677399,1.1342756183745584,1.056878306878307,6.0
2026-02-07,26,STR-1305,Retail Storefront,277,PROD-140871,PROD-100439 SEG-500064 Scholar Footwear Boot Collection Woodland,Scholar Footwear,Scholar Footwear Boot Collection,Scholar Footwear Boot Collection Woodland,SEG-500064 Scholar Footwear Boot Collection Woodland,1.0,0.0,1.0,120.0,0.0,120.0,1,2026,2,1,5,7,6,1,0.0,0.0,0.0,3.0,1.0,1.0,1.1428571428571428,1.0690449676496976,1.2142857142857142,0.8017837257372731,1.4,1.0699661612438482,0.9354143466934854,0.764261543745606,1.1322751322751323,1.0554821664464993,5.0
2026-03-26,26,STR-1305,Retail Storefront,277,PROD-140871,PROD-100439 SEG-500064 Scholar Footwear Boot Collection Woodland,Scholar Footwear,Scholar Footwear Boot Collection,Scholar Footwear Boot Collection Woodland,SEG-500064 Scholar Footwear Boot Collection Woodland,1.0,0.0,1.0,120.0,0.0,120.0,1,2026,3,1,3,26,13,0,0.0,0.0,1.0,2.0,2.0,1.0,0.8571428571428571,0.6900655593423544,1.2142857142857142,0.8017837257372731,1.4,1.0699661612438482,0.8050764858994135,0.764261543745606,1.1320422535211268,1.0554089709762533,6.0
2026-04-02,26,STR-1305,Retail Storefront,277,PROD-140871,PROD-100439 SEG-500064 Scholar Footwear Boot Collection Woodland,Scholar Footwear,Scholar Footwear Boot Collection,Scholar Footwear Boot Collection Woodland,SEG-500064 Scholar Footwear Boot Collection Woodland,1.0,0.0,1.0,120.0,0.0,120.0,1,2026,4,2,3,2,14,0,0.0,0.0,1.0,0.0,2.0,1.0,0.7142857142857143,0.4879500364742669,1.1428571428571428,0.7703288865196432,1.4,1.0699661612438482,0.6831300510639736,0.764261543745606,1.131810193321617,1.0553359683794465,6.0
2026-04-09,28,STR-1235,Retail Storefront,38,PROD-100803,PROD-102577 SEG-500351 Scholar Footwear Flight Classic Zephyr,Scholar Footwear,Scholar Footwear Flight Classic,Scholar Footwear Flight Classic Zephyr,SEG-500351 Scholar Footwear Flight Classic Zephyr,1.0,0.0,1.0,90.0,0.0,90.0,1,2026,4,2,3,9,15,0,0.0,0.0,1.0,1.0,1.0,1.0,1.2857142857142858,0.4879500364742665,1.1428571428571428,0.36313651960128146,1.1333333333333333,0.4341724854553047,0.3795166950355406,0.3830933695193865,1.076241134751773,1.0598591549295775,9.0
2026-04-15,28,STR-1235,Retail Storefront,38,PROD-100803,PROD-102577 SEG-500351 Scholar Footwear Flight Classic Zephyr,Scholar Footwear,Scholar Footwear Flight Classic,Scholar Footwear Flight Classic Zephyr,SEG-500351 Scholar Footwear Flight Classic Zephyr,1.0,0.0,1.0,90.0,0.0,90.0,1,2026,4,2,2,15,16,0,0.0,0.0,1.0,1.0,1.0,1.0,1.2857142857142858,0.4879500364742665,1.1428571428571428,0.36313651960128146,1.1333333333333333,0.4341724854553047,0.3795166950355406,0.3830933695193865,1.0761061946902655,1.0596491228070175,8.0
2026-04-17,28,STR-1235,Retail Storefront,38,PROD-100803,PROD-102577 SEG-500351 Scholar Footwear Flight Classic Zephyr,Scholar Footwear,Scholar Footwear Flight Classic,Scholar Footwear Flight Classic Zephyr,SEG-500351 Scholar Footwear Flight Classic Zephyr,1.0,0.0,1.0,90.0,0.0,90.0,1,2026,4,2,4,17,16,0,0.0,0.0,1.0,2.0,1.0,1.0,1.2857142857142858,0.4879500364742665,1.1428571428571428,0.36313651960128146,1.1333333333333333,0.4341724854553047,0.3795166950355406,0.3830933695193865,1.0759717314487633,1.0594405594405594,8.0
2026-04-21,28,STR-1235,Retail Storefront,38,PROD-100803,PROD-102577 SEG-500351 Scholar Footwear Flight Classic Zephyr,Scholar Footwear,Scholar Footwear Flight Classic,Scholar Footwear Flight Classic Zephyr,SEG-500351 Scholar Footwear Flight Classic Zephyr,1.0,0.0,1.0,54.0,0.0,54.0,1,2026,4,2,1,21,17,0,0.0,0.0,1.0,1.0,1.0,1.0,1.1428571428571428,0.3779644730092272,1.1428571428571428,0.36313651960128146,1.1333333333333333,0.4341724854553047,0.33071891388307384,0.3830933695193865,1.0758377425044092,1.0592334494773519,7.0
2026-03-24,28,STR-1235,Retail Storefront,39,PROD-100804,PROD-102576 SEG-500351 Scholar Footwear Flight Classic Zephyr,Scholar Footwear,Scholar Footwear Flight Classic,Scholar Footwear Flight Classic Zephyr,SEG-500351 Scholar Footwear Flight Classic Zephyr,1.0,0.0,1.0,76.5,0.0,76.5,1,2026,3,1,1,24,13,0,0.0,0.0,2.0,1.0,1.0,1.0,1.1428571428571428,0.37796447300922725,1.0,0.3922322702763681,0.9333333333333333,0.3651483716701108,0.33071891388307384,0.3912303982179759,1.063573883161512,1.0470219435736676,8.0
2026-03-26,28,STR-1235,Retail Storefront,39,PROD-100804,PROD-102576 SEG-500351 Scholar Footwear Flight Classic Zephyr,Scholar Footwear,Scholar Footwear Flight Classic,Scholar Footwear Flight Classic Zephyr,SEG-500351 Scholar Footwear Flight Classic Zephyr,1.0,0.0,1.0,90.0,0.0,90.0,1,2026,3,1,3,26,13,0,0.0,0.0,1.0,1.0,1.0,1.0,1.1428571428571428,0.37796447300922725,1.0,0.3922322702763681,0.9333333333333333,0.3651483716701108,0.33071891388307384,0.3912303982179759,1.0634648370497428,1.046875,8.0
2026-04-01,28,STR-1235,Retail Storefront,39,PROD-100804,PROD-102576 SEG-500351 Scholar Footwear Flight Classic Zephyr,Scholar Footwear,Scholar Footwear Flight Classic,Scholar Footwear Flight Classic Zephyr,SEG-500351 Scholar Footwear Flight Classic Zephyr,1.0,0.0,1.0,90.0,0.0,90.0,1,2026,4,2,2,1,14,0,0.0,0.0,1.0,1.0,0.0,1.0,1.1428571428571428,0.37796447300922725,1.0,0.3922322702763681,0.9333333333333333,0.3651483716701108,0.33071891388307384,0.3912303982179759,1.0633561643835616,1.0467289719626167,9.0
2026-04-04,28,STR-1235,Retail Storefront,39,PROD-100804,PROD-102576 SEG-500351 Scholar Footwear Flight Classic Zephyr,Scholar Footwear,Scholar Footwear Flight Classic,Scholar Footwear Flight Classic Zephyr,SEG-500351 Scholar Footwear Flight Classic Zephyr,2.0,0.0,2.0,180.0,0.0,180.0,2,2026,4,2,5,4,14,1,0.0,0.0,1.0,1.0,1.0,1.0,1.1428571428571428,0.37796447300922725,1.0714285714285714,0.2672612419124245,0.9333333333333333,0.3651483716701108,0.33071891388307384,0.3912303982179759,1.0632478632478632,1.046583850931677,9.0
2026-04-07,28,STR-1235,Retail Storefront,39,PROD-100804,PROD-102576 SEG-500351 Scholar Footwear Flight Classic Zephyr,Scholar Footwear,Scholar Footwear Flight Classic,Scholar Footwear Flight Classic Zephyr,SEG-500351 Scholar Footwear Flight Classic Zephyr,1.0,0.0,1.0,90.0,0.0,90.0,1,2026,4,2,1,7,15,0,0.0,0.0,2.0,1.0,1.0,1.0,1.2857142857142858,0.48795003647426666,1.1428571428571428,0.3631365196012815,0.9666666666666667,0.41384099339733377,0.3795166950355407,0.4281113724800004,1.0648464163822526,1.0495356037151702,9.0
2026-04-10,28,STR-1235,Retail Storefront,39,PROD-100804,PROD-102576 SEG-500351 Scholar Footwear Flight Classic Zephyr,Scholar Footwear,Scholar Footwear Flight Classic,Scholar Footwear Flight Classic Zephyr,SEG-500351 Scholar Footwear Flight Classic Zephyr,1.0,0.0,1.0,90.0,0.0,90.0,1,2026,4,2,4,10,15,0,0.0,0.0,1.0,1.0,1.0,0.0,1.2857142857142858,0.48795003647426666,1.1428571428571428,0.3631365196012815,0.9666666666666667,0.41384099339733377,0.3795166950355407,0.4281113724800004,1.0647359454855196,1.0493827160493827,8.0
2026-04-11,28,STR-1235,Retail Storefront,39,PROD-100804,PROD-102576 SEG-500351 Scholar Footwear Flight Classic Zephyr,Scholar Footwear,Scholar Footwear Flight Classic,Scholar Footwear Flight Classic Zephyr,SEG-500351 Scholar Footwear Flight Classic Zephyr,1.0,0.0,1.0,90.0,0.0,90.0,1,2026,4,2,5,11,15,1,0.0,0.0,1.0,2.0,1.0,1.0,1.2857142857142858,0.48795003647426666,1.1428571428571428,0.3631365196012815,1.0,0.37139067635410383,0.3795166950355407,0.37139067635410383,1.064625850340136,1.0492307692307692,9.0
2026-04-18,28,STR-1235,Retail Storefront,39,PROD-100804,PROD-102576 SEG-500351 Scholar Footwear Flight Classic Zephyr,Scholar Footwear,Scholar Footwear Flight Classic,Scholar Footwear Flight Classic Zephyr,SEG-500351 Scholar Footwear Flight Classic Zephyr,2.0,0.0,2.0,180.0,0.0,180.0,2,2026,4,2,5,18,16,1,0.0,0.0,1.0,1.0,1.0,1.0,1.1428571428571428,0.3779644730092272,1.1428571428571428,0.3631365196012815,1.0,0.37139067635410383,0.33071891388307384,0.37139067635410383,1.064516129032258,1.049079754601227,9.0
2026-04-19,28,STR-1235,Retail Storefront,39,PROD-100804,PROD-102576 SEG-500351 Scholar Footwear Flight Classic Zephyr,Scholar Footwear,Scholar Footwear Flight Classic,Scholar Footwear Flight Classic Zephyr,SEG-500351 Scholar Footwear Flight Classic Zephyr,1.0,0.0,1.0,90.0,0.0,90.0,1,2026,4,2,6,19,16,1,0.0,0.0,2.0,1.0,1.0,1.0,1.2857142857142858,0.48795003647426666,1.2142857142857142,0.42581531362632014,1.0333333333333334,0.4138409933973338,0.3795166950355407,0.4004912839329037,1.0661016949152542,1.0519877675840978,9.0
2026-04-22,28,STR-1235,Retail Storefront,39,PROD-100804,PROD-102576 SEG-500351 Scholar Footwear Flight Classic Zephyr,Scholar Footwear,Scholar Footwear Flight Classic,Scholar Footwear Flight Classic Zephyr,SEG-500351 Scholar Footwear Flight Classic Zephyr,1.0,0.0,1.0,90.0,0.0,90.0,1,2026,4,2,2,22,17,0,0.0,0.0,1.0,1.0,1.0,0.0,1.2857142857142858,0.48795003647426666,1.2142857142857142,0.42581531362632014,1.0333333333333334,0.4138409933973338,0.3795166950355407,0.4004912839329037,1.0659898477157361,1.0518292682926829,8.0
2026-03-13,28,STR-1235,Retail Storefront,40,PROD-100805,PROD-102578 SEG-500351 Scholar Footwear Flight Classic Zephyr,Scholar Footwear,Scholar Footwear Flight Classic,Scholar Footwear Flight Classic Zephyr,SEG-500351 Scholar Footwear Flight Classic Zephyr,1.0,0.0,1.0,90.0,0.0,90.0,1,2026,3,1,4,13,11,0,0.0,0.0,1.0,1.0,1.0,1.0,1.1428571428571428,0.3779644730092272,1.0714285714285714,0.4746311465493234,1.1,0.4025778999364489,0.33071891388307384,0.3659799090331353,1.1106965174129353,1.0555555555555556,8.0
2026-03-21,28,STR-1235,Retail Storefront,40,PROD-100805,PROD-102578 SEG-500351 Scholar Footwear Flight Classic Zephyr,Scholar Footwear,Scholar Footwear Flight Classic,Scholar Footwear Flight Classic Zephyr,SEG-500351 Scholar Footwear Flight Classic Zephyr,1.0,0.0,1.0,90.0,0.0,90.0,1,2026,3,1,5,21,12,1,0.0,0.0,1.0,1.0,1.0,1.0,1.1428571428571428,0.3779644730092272,1.0714285714285714,0.4746311465493234,1.1,0.4025778999364489,0.33071891388307384,0.3659799090331353,1.11055900621118,1.0554016620498614,9.0
2026-04-03,28,STR-1235,Retail Storefront,40,PROD-100805,PROD-102578 SEG-500351 Scholar Footwear Flight Classic Zephyr,Scholar Footwear,Scholar Footwear Flight Classic,Scholar Footwear Flight Classic Zephyr,SEG-500351 Scholar Footwear Flight Classic Zephyr,2.0,0.0,2.0,180.0,0.0,180.0,2,2026,4,2,4,3,14,0,0.0,0.0,1.0,1.0,1.0,1.0,1.1428571428571428,0.3779644730092272,1.0714285714285714,0.4746311465493234,1.1,0.4025778999364489,0.33071891388307384,0.3659799090331353,1.1104218362282878,1.0552486187845305,8.0
2026-04-07,28,STR-1235,Retail Storefront,40,PROD-100805,PROD-102578 SEG-500351 Scholar Footwear Flight Classic Zephyr,Scholar Footwear,Scholar Footwear Flight Classic,Scholar Footwear Flight Classic Zephyr,SEG-500351 Scholar Footwear Flight Classic Zephyr,1.0,1.0,0.0,90.0,90.0,0.0,2,2026,4,2,1,7,15,0,1.0,1.0,2.0,2.0,1.0,2.0,1.2857142857142858,0.48795003647426666,1.1428571428571428,0.5345224838248488,1.1333333333333333,0.4341724854553048,0.3795166950355407,0.3830933695193866,1.1115241635687731,1.0578512396694215,8.0
2026-04-16,28,STR-1235,Retail Storefront,40,PROD-100805,PROD-102578 SEG-500351 Scholar Footwear Flight Classic Zephyr,Scholar Footwear,Scholar Footwear Flight Classic,Scholar Footwear Flight Classic Zephyr,SEG-500351 Scholar Footwear Flight Classic Zephyr,1.0,0.0,1.0,90.0,0.0,90.0,1,2026,4,2,3,16,16,0,0.0,0.0,1.0,1.0,1.0,1.0,1.1428571428571428,0.3779644730092272,1.1428571428571428,0.5345224838248488,1.1,0.4025778999364489,0.33071891388307384,0.3659799090331353,1.1113861386138615,1.0576923076923077,8.0
2026-04-21,28,STR-1235,Retail Storefront,40,PROD-100805,PROD-102578 SEG-500351 Scholar Footwear Flight Classic Zephyr,Scholar Footwear,Scholar Footwear Flight Classic,Scholar Footwear Flight Classic Zephyr,SEG-500351 Scholar Footwear Flight Classic Zephyr,1.0,0.0,1.0,90.0,0.0,90.0,1,2026,4,2,1,21,17,0,0.0,0.0,1.0,1.0,2.0,2.0,1.1428571428571428,0.3779644730092272,1.1428571428571428,0.5345224838248488,1.1,0.4025778999364489,0.33071891388307384,0.3659799090331353,1.1112484548825712,1.0575342465753426,7.0
2026-04-22,28,STR-1235,Retail Storefront,40,PROD-100805,PROD-102578 SEG-500351 Scholar Footwear Flight Classic Zephyr,Scholar Footwear,Scholar Footwear Flight Classic,Scholar Footwear Flight Classic Zephyr,SEG-500351 Scholar Footwear Flight Classic Zephyr,0.0,1.0,-1.0,0.0,90.0,-90.0,1,2026,4,2,2,22,17,0,0.0,0.0,1.0,1.0,0.0,1.0,1.1428571428571428,0.3779644730092272,1.0714285714285714,0.4746311465493234,1.0666666666666667,0.3651483716701108,0.33071891388307384,0.3423265984407289,1.1111111111111112,1.0573770491803278,7.0
2025-12-16,28,STR-1235,Retail Storefront,277,PROD-140871,PROD-100439 SEG-500064 Scholar Footwear Boot Collection Woodland,Scholar Footwear,Scholar Footwear Boot Collection,Scholar Footwear Boot Collection Woodland,SEG-500064 Scholar Footwear Boot Collection Woodland,1.0,0.0,1.0,84.0,0.0,84.0,1,2025,12,4,1,16,51,0,0.0,0.0,3.0,2.0,1.0,1.0,1.8571428571428572,0.6900655593423539,1.4285714285714286,0.6462061726588638,1.3,0.5959634332684376,0.37157376272280596,0.4584334102064904,1.1344,1.041871921182266,11.0
2025-12-17,28,STR-1235,Retail Storefront,277,PROD-140871,PROD-100439 SEG-500064 Scholar Footwear Boot Collection Woodland,Scholar Footwear,Scholar Footwear Boot Collection,Scholar Footwear Boot Collection Woodland,SEG-500064 Scholar Footwear Boot Collection Woodland,1.0,0.0,1.0,72.0,0.0,72.0,1,2025,12,4,2,17,51,0,0.0,0.0,1.0,2.0,1.0,1.0,1.7142857142857142,0.7559289460184543,1.4285714285714286,0.6462061726588638,1.3,0.5959634332684376,0.4409585518440984,0.4584334102064904,1.134185303514377,1.0418204182041821,10.0
2025-12-18,28,STR-1235,Retail Storefront,277,PROD-140871,PROD-100439 SEG-500064 Scholar Footwear Boot Collection Woodland,Scholar Footwear,Scholar Footwear Boot Collection,Scholar Footwear Boot Collection Woodland,SEG-500064 Scholar Footwear Boot Collection Woodland,1.0,0.0,1.0,120.0,0.0,120.0,1,2025,12,4,3,18,51,0,0.0,0.0,1.0,2.0,1.0,1.0,1.5714285714285714,0.7867957924694431,1.4285714285714286,0.6462061726588638,1.3,0.5959634332684376,0.5006882315714638,0.4584334102064904,1.1339712918660287,1.0417690417690417,10.0
2025-12-19,28,STR-1235,Retail Storefront,277,PROD-140871,PROD-100439 SEG-500064 Scholar Footwear Boot Collection Woodland,Scholar Footwear,Scholar Footwear Boot Collection,Scholar Footwear Boot Collection Woodland,SEG-500064 Scholar Footwear Boot Collection Woodland,1.0,0.0,1.0,120.0,0.0,120.0,1,2025,12,4,4,19,51,0,0.0,0.0,1.0,1.0,1.0,1.0,1.4285714285714286,0.7867957924694431,1.4285714285714286,0.6462061726588638,1.3,0.5959634332684376,0.5507570547286101,0.4584334102064904,1.1337579617834395,1.041717791411043,10.0
2025-12-20,28,STR-1235,Retail Storefront,277,PROD-140871,PROD-100439 SEG-500064 Scholar Footwear Boot Collection Woodland,Scholar Footwear,Scholar Footwear Boot Collection,Scholar Footwear Boot Collection Woodland,SEG-500064 Scholar Footwear Boot Collection Woodland,2.0,0.0,2.0,240.0,0.0,240.0,2,2025,12,4,5,20,51,1,0.0,0.0,1.0,2.0,1.0,1.0,1.4285714285714286,0.7867957924694431,1.4285714285714286,0.6462061726588638,1.3,0.5959634332684376,0.5507570547286101,0.4584334102064904,1.1335453100158983,1.0416666666666667,12.0
2025-12-21,28,STR-1235,Retail Storefront,277,PROD-140871,PROD-100439 SEG-500064 Scholar Footwear Boot Collection Woodland,Scholar Footwear,Scholar Footwear Boot Collection,Scholar Footwear Boot Collection Woodland,SEG-500064 Scholar Footwear Boot Collection Woodland,3.0,0.0,3.0,324.0,0.0,324.0,3,2025,12,4,6,21,51,1,0.0,0.0,2.0,1.0,1.0,1.0,1.4285714285714286,0.7867957924694431,1.5,0.6504436355879907,1.3333333333333333,0.6064784348631227,0.5507570547286101,0.454858826147342,1.1349206349206349,1.0428396572827416,12.0
2025-12-22,28,STR-1235,Retail Storefront,277,PROD-140871,PROD-100439 SEG-500064 Scholar Footwear Boot Collection Woodland,Scholar Footwear,Scholar Footwear Boot Collection,Scholar Footwear Boot Collection Woodland,SEG-500064 Scholar Footwear Boot Collection Woodland,3.0,0.0,3.0,360.0,0.0,360.0,3,2025,12,4,0,22,52,0,0.0,0.0,3.0,3.0,1.0,1.0,1.7142857142857142,0.9511897312113418,1.6428571428571428,0.7449463436684918,1.4,0.6746646676632054,0.5548606765399494,0.4819033340451468,1.1378763866877972,1.0452322738386308,15.0
2025-12-23,28,STR-1235,Retail Storefront,277,PROD-140871,PROD-100439 SEG-500064 Scholar Footwear Boot Collection Woodland,Scholar Footwear,Scholar Footwear Boot Collection,Scholar Footwear Boot Collection Woodland,SEG-500064 Scholar Footwear Boot Collection Woodland,4.0,0.0,4.0,480.0,0.0,480.0,4,2025,12,4,1,23,52,0,0.0,0.0,3.0,1.0,2.0,1.0,1.7142857142857142,0.9511897312113418,1.7857142857142858,0.8017837257372729,1.4666666666666666,0.7302967433402214,0.5548606765399494,0.4979295977319692,1.1408227848101267,1.0476190476190477,15.0
2025-12-27,28,STR-1235,Retail Storefront,277,PROD-140871,PROD-100439 SEG-500064 Scholar Footwear Boot Collection Woodland,Scholar Footwear,Scholar Footwear Boot Collection,Scholar Footwear Boot Collection Woodland,SEG-500064 Scholar Footwear Boot Collection Woodland,1.0,1.0,0.0,120.0,120.0,0.0,2,2025,12,4,5,27,52,1,1.0,1.0,4.0,1.0,2.0,3.0,2.142857142857143,1.2149857925879117,1.9285714285714286,0.9972489631508744,1.5666666666666667,0.858359836662575,0.5669933698743588,0.5478892574441968,1.1453396524486572,1.051219512195122,15.0
2026-01-01,28,STR-1235,Retail Storefront,277,PROD-140871,PROD-100439 SEG-500064 Scholar Footwear Boot Collection Woodland,Scholar Footwear,Scholar Footwear Boot Collection,Scholar Footwear Boot Collection Woodland,SEG-500064 Scholar Footwear Boot Collection Woodland,1.0,0.0,1.0,120.0,0.0,120.0,1,2026,1,1,3,1,1,0,0.0,0.0,1.0,1.0,2.0,1.0,2.142857142857143,1.2149857925879117,1.8571428571428572,1.0271051820261907,1.5,0.820008410385801,0.5669933698743588,0.5466722735905339,1.1451104100946372,1.05115712545676,15.0
2026-01-31,28,STR-1235,Retail Storefront,277,PROD-140871,PROD-100439 SEG-500064 Scholar Footwear Boot Collection Woodland,Scholar Footwear,Scholar Footwear Boot Collection,Scholar Footwear Boot Collection Woodland,SEG-500064 Scholar Footwear Boot Collection Woodland,1.0,0.0,1.0,120.0,0.0,120.0,1,2026,1,1,5,31,5,1,0.0,0.0,1.0,1.0,1.0,2.0,2.142857142857143,1.2149857925879117,1.7857142857142858,1.05090228108783,1.5,0.820008410385801,0.5669933698743588,0.5466722735905339,1.1448818897637796,1.051094890510949,14.0
2026-03-30,29,STR-1350,Retail Storefront,39,PROD-100804,PROD-102576 SEG-500351 Scholar Footwear Flight Classic Zephyr,Scholar Footwear,Scholar Footwear Flight Classic,Scholar Footwear Flight Classic Zephyr,SEG-500351 Scholar Footwear Flight Classic Zephyr,1.0,0.0,1.0,90.0,0.0,90.0,1,2026,3,1,0,30,14,0,0.0,0.0,1.0,1.0,1.0,1.0,1.0,0.0,1.0,0.0,1.1,0.4025778999364487,0.0,0.36597990903313515,1.0674157303370786,1.0069686411149825,7.0
2026-02-24,30,STR-1094,Retail Storefront,39,PROD-100804,PROD-102576 SEG-500351 Scholar Footwear Flight Classic Zephyr,Scholar Footwear,Scholar Footwear Flight Classic,Scholar Footwear Flight Classic Zephyr,SEG-500351 Scholar Footwear Flight Classic Zephyr,1.0,0.0,1.0,90.0,0.0,90.0,1,2026,2,1,1,24,9,0,0.0,0.0,1.0,1.0,1.0,1.0,1.4285714285714286,0.5345224838248489,1.2142857142857142,0.42581531362632014,1.0666666666666667,0.3651483716701107,0.3741657386773942,0.3423265984407288,1.067175572519084,1.0494505494505495,10.0
2026-02-27,30,STR-1094,Retail Storefront,39,PROD-100804,PROD-102576 SEG-500351 Scholar Footwear Flight Classic Zephyr,Scholar Footwear,Scholar Footwear Flight Classic,Scholar Footwear Flight Classic Zephyr,SEG-500351 Scholar Footwear Flight Classic Zephyr,1.0,0.0,1.0,90.0,0.0,90.0,1,2026,2,1,4,27,9,0,0.0,0.0,1.0,1.0,1.0,1.0,1.4285714285714286,0.5345224838248489,1.2142857142857142,0.42581531362632014,1.0666666666666667,0.3651483716701107,0.3741657386773942,0.3423265984407288,1.0670731707317074,1.0493150684931507,9.0
2026-02-28,30,STR-1094,Retail Storefront,39,PROD-100804,PROD-102576 SEG-500351 Scholar Footwear Flight Classic Zephyr,Scholar Footwear,Scholar Footwear Flight Classic,Scholar Footwear Flight Classic Zephyr,SEG-500351 Scholar Footwear Flight Classic Zephyr,1.0,0.0,1.0,90.0,0.0,90.0,1,2026,2,1,5,28,9,1,0.0,0.0,1.0,2.0,1.0,1.0,1.4285714285714286,0.5345224838248489,1.2142857142857142,0.42581531362632014,1.0666666666666667,0.3651483716701107,0.3741657386773942,0.3423265984407288,1.0669710806697108,1.0491803278688525,9.0
2026-03-04,30,STR-1094,Retail Storefront,39,PROD-100804,PROD-102576 SEG-500351 Scholar Footwear Flight Classic Zephyr,Scholar Footwear,Scholar Footwear Flight Classic,Scholar Footwear Flight Classic Zephyr,SEG-500351 Scholar Footwear Flight Classic Zephyr,1.0,0.0,1.0,76.5,0.0,76.5,1,2026,3,1,2,4,10,0,0.0,0.0,1.0,1.0,1.0,1.0,1.2857142857142858,0.4879500364742667,1.2142857142857142,0.42581531362632014,1.0666666666666667,0.3651483716701107,0.37951669503554075,0.3423265984407288,1.0668693009118542,1.0490463215258856,8.0
2026-03-06,30,STR-1094,Retail Storefront,39,PROD-100804,PROD-102576 SEG-500351 Scholar Footwear Flight Classic Zephyr,Scholar Footwear,Scholar Footwear Flight Classic,Scholar Footwear Flight Classic Zephyr,SEG-500351 Scholar Footwear Flight Classic Zephyr,1.0,0.0,1.0,90.0,0.0,90.0,1,2026,3,1,4,6,10,0,0.0,0.0,1.0,2.0,1.0,1.0,1.2857142857142858,0.4879500364742667,1.2142857142857142,0.42581531362632014,1.0666666666666667,0.3651483716701107,0.37951669503554075,0.3423265984407288,1.0667678300455234,1.048913043478261,7.0
2026-03-19,30,STR-1094,Retail Storefront,39,PROD-100804,PROD-102576 SEG-500351 Scholar Footwear Flight Classic Zephyr,Scholar Footwear,Scholar Footwear Flight Classic,Scholar Footwear Flight Classic Zephyr,SEG-500351 Scholar Footwear Flight Classic Zephyr,1.0,0.0,1.0,90.0,0.0,90.0,1,2026,3,1,3,19,12,0,0.0,0.0,1.0,2.0,1.0,1.0,1.1428571428571428,0.3779644730092274,1.2142857142857142,0.42581531362632014,1.0666666666666667,0.3651483716701107,0.330718913883074,0.3423265984407288,1.0666666666666667,1.048780487804878,8.0
2026-03-20,30,STR-1094,Retail Storefront,39,PROD-100804,PROD-102576 SEG-500351 Scholar Footwear Flight Classic Zephyr,Scholar Footwear,Scholar Footwear Flight Classic,Scholar Footwear Flight Classic Zephyr,SEG-500351 Scholar Footwear Flight Classic Zephyr,2.0,0.0,2.0,139.5,0.0,139.5,2,2026,3,1,4,20,12,0,0.0,0.0,1.0,1.0,1.0,1.0,1.0,0.0,1.2142857142857142,0.42581531362632014,1.0666666666666667,0.3651483716701107,0.0,0.3423265984407288,1.0665658093797277,1.0486486486486486,8.0
2026-04-19,30,STR-1094,Retail Storefront,39,PROD-100804,PROD-102576 SEG-500351 Scholar Footwear Flight Classic Zephyr,Scholar Footwear,Scholar Footwear Flight Classic,Scholar Footwear Flight Classic Zephyr,SEG-500351 Scholar Footwear Flight Classic Zephyr,1.0,0.0,1.0,90.0,0.0,90.0,1,2026,4,2,6,19,16,1,0.0,0.0,2.0,1.0,1.0,1.0,1.1428571428571428,0.3779644730092274,1.2857142857142858,0.4688072309384955,1.1,0.40257789993644877,0.330718913883074,0.3659799090331352,1.06797583081571,1.0512129380053907,8.0
2026-04-23,30,STR-1094,Retail Storefront,39,PROD-100804,PROD-102576 SEG-500351 Scholar Footwear Flight Classic Zephyr,Scholar Footwear,Scholar Footwear Flight Classic,Scholar Footwear Flight Classic Zephyr,SEG-500351 Scholar Footwear Flight Classic Zephyr,1.0,0.0,1.0,76.5,0.0,76.5,1,2026,4,2,3,23,17,0,0.0,0.0,1.0,1.0,1.0,1.0,1.1428571428571428,0.3779644730092274,1.2857142857142858,0.4688072309384955,1.1,0.40257789993644877,0.330718913883074,0.3659799090331352,1.0678733031674208,1.0510752688172043,8.0
2026-03-28,31,STR-1085,Retail Storefront,40,PROD-100805,PROD-102578 SEG-500351 Scholar Footwear Flight Classic Zephyr,Scholar Footwear,Scholar Footwear Flight Classic,Scholar Footwear Flight Classic Zephyr,SEG-500351 Scholar Footwear Flight Classic Zephyr,1.0,0.0,1.0,90.0,0.0,90.0,1,2026,3,1,5,28,13,1,0.0,0.0,2.0,2.0,0.0,1.0,1.4285714285714286,0.5345224838248487,1.2857142857142858,0.6112498455021267,1.1333333333333333,0.5074162634049248,0.37416573867739406,0.4477202324161102,1.1123470522803114,1.0482954545454546,9.0
2026-04-03,31,STR-1085,Retail Storefront,40,PROD-100805,PROD-102578 SEG-500351 Scholar Footwear Flight Classic Zephyr,Scholar Footwear,Scholar Footwear Flight Classic,Scholar Footwear Flight Classic Zephyr,SEG-500351 Scholar Footwear Flight Classic Zephyr,1.0,0.0,1.0,90.0,0.0,90.0,1,2026,4,2,4,3,14,0,0.0,0.0,1.0,1.0,1.0,1.0,1.2857142857142858,0.48795003647426666,1.3571428571428572,0.49724515809884695,1.1333333333333333,0.5074162634049248,0.3795166950355407,0.4477202324161102,1.1122222222222222,1.048158640226629,9.0
2026-04-18,31,STR-1085,Retail Storefront,40,PROD-100805,PROD-102578 SEG-500351 Scholar Footwear Flight Classic Zephyr,Scholar Footwear,Scholar Footwear Flight Classic,Scholar Footwear Flight Classic Zephyr,SEG-500351 Scholar Footwear Flight Classic Zephyr,1.0,0.0,1.0,90.0,0.0,90.0,1,2026,4,2,5,18,16,1,0.0,0.0,1.0,1.0,1.0,1.0,1.2857142857142858,0.48795003647426666,1.3571428571428572,0.49724515809884695,1.1333333333333333,0.5074162634049248,0.3795166950355407,0.4477202324161102,1.1120976692563818,1.0480225988700564,10.0
2026-04-16,36,STR-1163,Retail Storefront,40,PROD-100805,PROD-102578 SEG-500351 Scholar Footwear Flight Classic Zephyr,Scholar Footwear,Scholar Footwear Flight Classic,Scholar Footwear Flight Classic Zephyr,SEG-500351 Scholar Footwear Flight Classic Zephyr,2.0,0.0,2.0,180.0,0.0,180.0,2,2026,4,2,3,16,16,0,0.0,0.0,1.0,1.0,1.0,1.0,1.1428571428571428,0.3779644730092271,1.2142857142857142,0.42581531362632014,1.1,0.4025778999364488,0.33071891388307373,0.36597990903313526,1.112855740922473,1.0302114803625377,8.0
2026-04-22,36,STR-1163,Retail Storefront,40,PROD-100805,PROD-102578 SEG-500351 Scholar Footwear Flight Classic Zephyr,Scholar Footwear,Scholar Footwear Flight Classic,Scholar Footwear Flight Classic Zephyr,SEG-500351 Scholar Footwear Flight Classic Zephyr,1.0,0.0,1.0,90.0,0.0,90.0,1,2026,4,2,2,22,17,0,0.0,0.0,2.0,2.0,1.0,1.0,1.2857142857142858,0.4879500364742664,1.2857142857142858,0.4688072309384955,1.1333333333333333,0.43417248545530474,0.3795166950355405,0.38309336951938655,1.1137254901960785,1.033132530120482,8.0
2026-02-07,36,STR-1163,Retail Storefront,277,PROD-140871,PROD-100439 SEG-500064 Scholar Footwear Boot Collection Woodland,Scholar Footwear,Scholar Footwear Boot Collection,Scholar Footwear Boot Collection Woodland,SEG-500064 Scholar Footwear Boot Collection Woodland,1.0,0.0,1.0,120.0,0.0,120.0,1,2026,2,1,5,7,6,1,0.0,0.0,1.0,1.0,1.0,1.0,1.0,0.0,1.2857142857142858,0.7262730392025629,1.1333333333333333,0.507416263404925,0.0,0.44772023241611025,1.1325,1.0167525773195876,7.0
2026-02-15,36,STR-1163,Retail Storefront,277,PROD-140871,PROD-100439 SEG-500064 Scholar Footwear Boot Collection Woodland,Scholar Footwear,Scholar Footwear Boot Collection,Scholar Footwear Boot Collection Woodland,SEG-500064 Scholar Footwear Boot Collection Woodland,1.0,0.0,1.0,120.0,0.0,120.0,1,2026,2,1,6,15,7,1,0.0,0.0,1.0,1.0,1.0,1.0,1.0,0.0,1.2857142857142858,0.7262730392025629,1.1333333333333333,0.507416263404925,0.0,0.44772023241611025,1.1323345817727841,1.0167310167310166,7.0
2026-03-31,36,STR-1163,Retail Storefront,277,PROD-140871,PROD-100439 SEG-500064 Scholar Footwear Boot Collection Woodland,Scholar Footwear,Scholar Footwear Boot Collection,Scholar Footwear Boot Collection Woodland,SEG-500064 Scholar Footwear Boot Collection Woodland,1.0,0.0,1.0,120.0,0.0,120.0,1,2026,3,1,1,31,14,0,0.0,0.0,1.0,1.0,2.0,1.0,1.0,0.0,1.2857142857142858,0.7262730392025629,1.1333333333333333,0.507416263404925,0.0,0.44772023241611025,1.1321695760598505,1.0167095115681235,7.0
2026-04-03,36,STR-1163,Retail Storefront,277,PROD-140871,PROD-100439 SEG-500064 Scholar Footwear Boot Collection Woodland,Scholar Footwear,Scholar Footwear Boot Collection,Scholar Footwear Boot Collection Woodland,SEG-500064 Scholar Footwear Boot Collection Woodland,1.0,0.0,1.0,120.0,0.0,120.0,1,2026,4,2,4,3,14,0,0.0,0.0,1.0,1.0,3.0,1.0,1.0,0.0,1.2142857142857142,0.6992932067530679,1.1333333333333333,0.507416263404925,0.0,0.44772023241611025,1.13200498132005,1.0166880616174583,7.0
2026-04-11,36,STR-1163,Retail Storefront,277,PROD-140871,PROD-100439 SEG-500064 Scholar Footwear Boot Collection Woodland,Scholar Footwear,Scholar Footwear Boot Collection,Scholar Footwear Boot Collection Woodland,SEG-500064 Scholar Footwear Boot Collection Woodland,1.0,0.0,1.0,120.0,0.0,120.0,1,2026,4,2,5,11,15,1,0.0,0.0,1.0,1.0,2.0,1.0,1.0,0.0,1.0714285714285714,0.4746311465493234,1.1333333333333333,0.507416263404925,0.0,0.44772023241611025,1.1318407960199004,1.0166666666666666,7.0
