inventory_key,store_key,product_key,stock_status,qty_on_hand,stocks_selling_amount,cost_of_stocks,sales_date,forecast_demand_7d,forecast_daily_demand,rolling_std_30,rolling_mean_30,demand_cv_30,safety_stock,lead_time_demand,reorder_point,days_of_inventory,inventory_gap,inventory_risk,recommended_action,recommended_reorder_qty,inventory_value,inventory_value_at_risk,product_no,product_description,product_division,product_category,product_subcategory,product_segment,store,store_type,abc_class,forecast_available,priority_score,business_priority
189561,11,342,Full Price,11.0,1760.0,880.88,2026-01-16,0.0552735973670746,0.0078962281952963,0.0,0.0,0.0,0.0,0.0552735973670746,0.0552735973670746,1393.0701757774025,10.944726402632924,EXCESS STOCK,REDUCE / REDISTRIBUTE STOCK,0.0,880.88,0.0,PROD-145913,PROD-174377 SEG-517032 Femme Footwear Trailblazer Zephyr,Femme Footwear,Femme Footwear Trailblazer,Femme Footwear Trailblazer Zephyr,SEG-517032 Femme Footwear Trailblazer Zephyr,STR-1010,Retail Storefront,C,YES,15,P4 - LOW
272121,26,22,Full Price,18.0,1656.0,835.0,2026-01-31,0.0849769611291911,0.0121395658755987,0.0,0.0,0.0,0.0,0.0849769611291911,0.0849769611291911,1482.754835259892,17.91502303887081,EXCESS STOCK,REDUCE / REDISTRIBUTE STOCK,0.0,835.0,0.0,PROD-100439,PROD-164668 SEG-515333 Scholar Footwear Court Casual Zephyr,Scholar Footwear,Scholar Footwear Court Casual,Scholar Footwear Court Casual Zephyr,SEG-515333 Scholar Footwear Court Casual Zephyr,STR-1305,Retail Storefront,A,YES,40,P3 - MEDIUM
170325,10,1265,Full Price,13.0,1625.0,757.89,2026-03-15,0.1957899999853431,0.0279699999979061,0.1825741858350555,0.0333333333333333,5.4772255750516665,0.7970257210404197,0.1957899999853431,0.9928157210257628,464.78369685281314,12.007184278974238,EXCESS STOCK,REDUCE / REDISTRIBUTE STOCK,0.0,757.89,0.0,PROD-168534,PROD-187333 SEG-520073 Femme Footwear Boot Collection Plushfoot,Femme Footwear,Femme Footwear Boot Collection,Femme Footwear Boot Collection Plushfoot,SEG-520073 Femme Footwear Boot Collection Plushfoot,STR-1194,Retail Storefront,A,YES,40,P3 - MEDIUM
180675,10,1264,Full Price,13.0,1625.0,757.87,2026-03-28,0.1712824025991456,0.0244689146570208,0.1825741858350553,0.0333333333333333,5.477225575051659,0.7970257210404188,0.1712824025991456,0.9683081236395644,531.2863354268123,12.031691876360435,EXCESS STOCK,REDUCE / REDISTRIBUTE STOCK,0.0,757.87,0.0,PROD-168533,PROD-187332 SEG-520073 Femme Footwear Boot Collection Plushfoot,Femme Footwear,Femme Footwear Boot Collection,Femme Footwear Boot Collection Plushfoot,SEG-520073 Femme Footwear Boot Collection Plushfoot,STR-1194,Retail Storefront,A,YES,40,P3 - MEDIUM
33157,7,27,Full Price,12.0,1380.0,698.14,2026-02-07,0.2499402812316062,0.035705754461658,0.1825741858350553,0.0333333333333333,5.477225575051661,0.7970257210404188,0.2499402812316062,1.046966002272025,336.08028120189925,10.953033997727974,EXCESS STOCK,REDUCE / REDISTRIBUTE STOCK,0.0,698.14,0.0,PROD-100451,PROD-100827 SEG-500112 Heritage Footwear Flight Classic Zephyr,Femme Footwear,Femme Footwear Flight Classic,Femme Footwear Flight Classic Varied,SEG-500112 Heritage Footwear Flight Classic Zephyr,STR-1148,Retail Storefront,A,YES,40,P3 - MEDIUM
217445,36,22,Full Price,14.0,1288.0,649.08,2026-03-11,0.2197436246162935,0.0313919463737562,0.0,0.0,0.0,0.0,0.2197436246162935,0.2197436246162935,445.9742582799532,13.780256375383706,EXCESS STOCK,REDUCE / REDISTRIBUTE STOCK,0.0,649.08,0.0,PROD-100439,PROD-164668 SEG-515333 Scholar Footwear Court Casual Zephyr,Scholar Footwear,Scholar Footwear Court Casual,Scholar Footwear Court Casual Zephyr,SEG-515333 Scholar Footwear Court Casual Zephyr,STR-1163,Retail Storefront,A,YES,40,P3 - MEDIUM
100455,37,22,Full Price,14.0,1288.0,646.77,2025-12-29,0.2111133594384168,0.0301590513483452,0.0,0.0,0.0,0.0,0.2111133594384168,0.2111133594384168,464.2055825395893,13.788886640561584,EXCESS STOCK,REDUCE / REDISTRIBUTE STOCK,0.0,646.77,0.0,PROD-100439,PROD-164668 SEG-515333 Scholar Footwear Court Casual Zephyr,Scholar Footwear,Scholar Footwear Court Casual,Scholar Footwear Court Casual Zephyr,SEG-515333 Scholar Footwear Court Casual Zephyr,STR-1353,Retail Storefront,A,YES,40,P3 - MEDIUM
32716,8,39,Full Price,14.0,1260.0,637.7,2026-04-14,1.073210432145321,0.1533157760207601,0.4068381021724861,0.2,2.0341905108624303,1.7760475296529104,1.073210432145321,2.8492579617982314,91.31480375577456,11.150742038201768,EXCESS STOCK,REDUCE / REDISTRIBUTE STOCK,0.0,637.7,0.0,PROD-100804,PROD-102576 SEG-500351 Scholar Footwear Flight Classic Zephyr,Scholar Footwear,Scholar Footwear Flight Classic,Scholar Footwear Flight Classic Zephyr,SEG-500351 Scholar Footwear Flight Classic Zephyr,STR-1006,Retail Storefront,A,YES,40,P3 - MEDIUM
125292,13,20,Full Price,13.0,1196.0,600.11,2026-01-21,0.0699778244666138,0.0099968320666591,0.0,0.0,0.0,0.0,0.0699778244666138,0.0699778244666138,1300.4119618410798,12.930022175533386,EXCESS STOCK,REDUCE / REDISTRIBUTE STOCK,0.0,600.11,0.0,PROD-100437,PROD-164667 SEG-515333 Scholar Footwear Court Casual Zephyr,Scholar Footwear,Scholar Footwear Court Casual,Scholar Footwear Court Casual Zephyr,SEG-515333 Scholar Footwear Court Casual Zephyr,STR-1080,Retail Storefront,A,YES,40,P3 - MEDIUM
143247,11,22,Full Price,13.0,1196.0,597.97,2026-01-23,0.0542594714542755,0.0077513530648965,0.0,0.0,0.0,0.0,0.0542594714542755,0.0542594714542755,1677.126546960298,12.945740528545723,EXCESS STOCK,REDUCE / REDISTRIBUTE STOCK,0.0,597.97,0.0,PROD-100439,PROD-164668 SEG-515333 Scholar Footwear Court Casual Zephyr,Scholar Footwear,Scholar Footwear Court Casual,Scholar Footwear Court Casual Zephyr,SEG-515333 Scholar Footwear Court Casual Zephyr,STR-1010,Retail Storefront,A,YES,40,P3 - MEDIUM
22398,36,39,Full Price,13.0,1170.0,592.06,2026-04-03,0.5698251580064891,0.081403594000927,0.3051285766293646,0.1,3.0512857662936463,1.3320356472396826,0.5698251580064891,1.901860805246172,159.69810865908397,11.098139194753829,EXCESS STOCK,REDUCE / REDISTRIBUTE STOCK,0.0,592.06,0.0,PROD-100804,PROD-102576 SEG-500351 Scholar Footwear Flight Classic Zephyr,Scholar Footwear,Scholar Footwear Flight Classic,Scholar Footwear Flight Classic Zephyr,SEG-500351 Scholar Footwear Flight Classic Zephyr,STR-1163,Retail Storefront,A,YES,40,P3 - MEDIUM
218650,8,48,Full Price,13.0,1170.0,592.03,2026-03-07,0.7541297002780678,0.1077328143254382,0.3790490217894517,0.1666666666666666,2.2742941307367106,1.6547345864893677,0.7541297002780678,2.4088642867674355,120.66889815696938,10.591135713232564,EXCESS STOCK,REDUCE / REDISTRIBUTE STOCK,0.0,592.03,0.0,PROD-100813,PROD-100959 SEG-500123 Scholar Footwear Flight Classic Zephyr,Scholar Footwear,Scholar Footwear Flight Classic,Scholar Footwear Flight Classic Zephyr,SEG-500123 Scholar Footwear Flight Classic Zephyr,STR-1006,Retail Storefront,A,YES,40,P3 - MEDIUM
105270,29,48,Full Price,13.0,1170.0,591.8,2026-04-17,0.1531497362661938,0.0218785337523134,0.0,0.0,0.0,0.0,0.1531497362661938,0.1531497362661938,594.1897271166719,12.846850263733806,EXCESS STOCK,REDUCE / REDISTRIBUTE STOCK,0.0,591.8,0.0,PROD-100813,PROD-100959 SEG-500123 Scholar Footwear Flight Classic Zephyr,Scholar Footwear,Scholar Footwear Flight Classic,Scholar Footwear Flight Classic Zephyr,SEG-500123 Scholar Footwear Flight Classic Zephyr,STR-1350,Retail Storefront,A,YES,40,P3 - MEDIUM
244379,31,48,Full Price,13.0,1170.0,591.71,2026-03-24,0.2113218734259851,0.030188839060855,0.0,0.0,0.0,0.0,0.2113218734259851,0.2113218734259851,430.6227203303329,12.788678126574014,EXCESS STOCK,REDUCE / REDISTRIBUTE STOCK,0.0,591.71,0.0,PROD-100813,PROD-100959 SEG-500123 Scholar Footwear Flight Classic Zephyr,Scholar Footwear,Scholar Footwear Flight Classic,Scholar Footwear Flight Classic Zephyr,SEG-500123 Scholar Footwear Flight Classic Zephyr,STR-1085,Retail Storefront,A,YES,40,P3 - MEDIUM
34516,17,9,Full Price,10.0,1200.0,590.32,2025-11-27,0.0869262956490357,0.0124180422355765,0.0,0.0,0.0,0.0,0.0869262956490357,0.0869262956490357,805.2799153276297,9.913073704350964,EXCESS STOCK,REDUCE / REDISTRIBUTE STOCK,0.0,590.32,0.0,PROD-100356,PROD-164492 SEG-515310 Femme Footwear Court Casual Zephyr,Femme Footwear,Femme Footwear Court Casual,Femme Footwear Court Casual Zephyr,SEG-515310 Femme Footwear Court Casual Zephyr,STR-1198,Retail Storefront,A,YES,40,P3 - MEDIUM
147731,25,1271,Full Price,10.0,1250.0,582.96,2026-03-10,0.133249745915322,0.0190356779879031,0.0,0.0,0.0,0.0,0.133249745915322,0.133249745915322,525.3293319184552,9.866750254084678,EXCESS STOCK,REDUCE / REDISTRIBUTE STOCK,0.0,582.96,0.0,PROD-168540,PROD-187339 SEG-520074 Femme Footwear Boot Collection Plushfoot,Femme Footwear,Femme Footwear Boot Collection,Femme Footwear Boot Collection Plushfoot,SEG-520074 Femme Footwear Boot Collection Plushfoot,STR-1026,Retail Storefront,A,YES,40,P3 - MEDIUM
136326,17,20,Full Price,12.0,1104.0,560.99,2026-02-12,0.1909184702637561,0.0272740671805365,0.1825741858350553,0.0333333333333333,5.477225575051661,0.7970257210404188,0.1909184702637561,0.9879441913041748,439.97838388267513,11.012055808695823,EXCESS STOCK,REDUCE / REDISTRIBUTE STOCK,0.0,560.99,0.0,PROD-100437,PROD-164667 SEG-515333 Scholar Footwear Court Casual Zephyr,Scholar Footwear,Scholar Footwear Court Casual,Scholar Footwear Court Casual Zephyr,SEG-515333 Scholar Footwear Court Casual Zephyr,STR-1198,Retail Storefront,A,YES,40,P3 - MEDIUM
123884,39,66,Full Price,10.0,1300.0,557.91,2026-02-18,0.1038101132908491,0.014830016184407,0.0,0.0,0.0,0.0,0.1038101132908491,0.1038101132908491,674.3080975538297,9.89618988670915,EXCESS STOCK,REDUCE / REDISTRIBUTE STOCK,0.0,557.91,0.0,PROD-104233,PROD-124865 SEG-505231 Scholar Footwear Boot Collection Plushfoot,Scholar Footwear,Scholar Footwear Boot Collection,Scholar Footwear Boot Collection Plushfoot,SEG-505231 Scholar Footwear Boot Collection Plushfoot,STR-1222,Retail Storefront,A,YES,40,P3 - MEDIUM
41780,19,285,Full Price,11.0,1320.0,556.6,2026-01-30,0.0534045314480668,0.0076292187782952,0.0,0.0,0.0,0.0,0.0534045314480668,0.0534045314480668,1441.825214305616,10.946595468551934,EXCESS STOCK,REDUCE / REDISTRIBUTE STOCK,0.0,556.6,0.0,PROD-140879,PROD-100422 SEG-500063 Scholar Footwear Boot Collection Woodland,Scholar Footwear,Scholar Footwear Boot Collection,Scholar Footwear Boot Collection Woodland,SEG-500063 Scholar Footwear Boot Collection Woodland,STR-1253,Retail Storefront,A,YES,40,P3 - MEDIUM
100454,19,21,Full Price,12.0,1104.0,556.55,2025-10-22,0.1546752601219605,0.0220964657317086,0.1825741858350553,0.0333333333333333,5.477225575051661,0.7970257210404188,0.1546752601219605,0.9517009811623792,543.0732745092299,11.04829901883762,EXCESS STOCK,REDUCE / REDISTRIBUTE STOCK,0.0,556.55,0.0,PROD-100438,PROD-164666 SEG-515333 Scholar Footwear Court Casual Zephyr,Scholar Footwear,Scholar Footwear Court Casual,Scholar Footwear Court Casual Zephyr,SEG-515333 Scholar Footwear Court Casual Zephyr,STR-1253,Retail Storefront,A,YES,40,P3 - MEDIUM
246865,22,22,Full Price,12.0,1104.0,555.9,2026-01-30,0.1702607574078066,0.0243229653439723,0.1825741858350553,0.0333333333333333,5.477225575051661,0.7970257210404188,0.1702607574078066,0.9672864784482254,493.3608970081354,11.032713521551775,EXCESS STOCK,REDUCE / REDISTRIBUTE STOCK,0.0,555.9,0.0,PROD-100439,PROD-164668 SEG-515333 Scholar Footwear Court Casual Zephyr,Scholar Footwear,Scholar Footwear Court Casual,Scholar Footwear Court Casual Zephyr,SEG-515333 Scholar Footwear Court Casual Zephyr,STR-1369,Retail Storefront,A,YES,40,P3 - MEDIUM
111661,18,48,Full Price,12.0,1080.0,547.55,2026-03-21,0.8436638626674533,0.1205234089524933,0.3790490217894517,0.1666666666666666,2.2742941307367106,1.6547345864893677,0.8436638626674533,2.498398449156821,99.5657200895308,9.50160155084318,EXCESS STOCK,REDUCE / REDISTRIBUTE STOCK,0.0,547.55,0.0,PROD-100813,PROD-100959 SEG-500123 Scholar Footwear Flight Classic Zephyr,Scholar Footwear,Scholar Footwear Flight Classic,Scholar Footwear Flight Classic Zephyr,SEG-500123 Scholar Footwear Flight Classic Zephyr,STR-1044,Retail Storefront,A,YES,40,P3 - MEDIUM
158064,7,39,Full Price,12.0,1080.0,546.54,2026-03-30,0.3424262952125937,0.0489180421732276,0.0,0.0,0.0,0.0,0.3424262952125937,0.3424262952125937,245.3082639224566,11.657573704787406,EXCESS STOCK,REDUCE / REDISTRIBUTE STOCK,0.0,546.54,0.0,PROD-100804,PROD-102576 SEG-500351 Scholar Footwear Flight Classic Zephyr,Scholar Footwear,Scholar Footwear Flight Classic,Scholar Footwear Flight Classic Zephyr,SEG-500351 Scholar Footwear Flight Classic Zephyr,STR-1148,Retail Storefront,A,YES,40,P3 - MEDIUM
6556,10,1271,Full Price,9.0,1125.0,524.7,2026-02-06,0.2055935765714643,0.0293705109387806,0.1825741858350554,0.0333333333333333,5.477225575051662,0.7970257210404194,0.2055935765714643,1.0026192976118835,306.4298070523677,7.997380702388116,EXCESS STOCK,REDUCE / REDISTRIBUTE STOCK,0.0,524.7,0.0,PROD-168540,PROD-187339 SEG-520074 Femme Footwear Boot Collection Plushfoot,Femme Footwear,Femme Footwear Boot Collection,Femme Footwear Boot Collection Plushfoot,SEG-520074 Femme Footwear Boot Collection Plushfoot,STR-1194,Retail Storefront,A,YES,40,P3 - MEDIUM
242081,17,22,Full Price,11.0,1012.0,514.26,2026-04-02,0.3251461417667159,0.0464494488238165,0.1825741858350553,0.0333333333333333,5.477225575051661,0.7970257210404188,0.3251461417667159,1.1221718628071349,236.8165883242912,9.877828137192864,EXCESS STOCK,REDUCE / REDISTRIBUTE STOCK,0.0,514.26,0.0,PROD-100439,PROD-164668 SEG-515333 Scholar Footwear Court Casual Zephyr,Scholar Footwear,Scholar Footwear Court Casual,Scholar Footwear Court Casual Zephyr,SEG-515333 Scholar Footwear Court Casual Zephyr,STR-1198,Retail Storefront,A,YES,40,P3 - MEDIUM
33783,6,22,Full Price,11.0,1012.0,510.71,2026-01-11,0.1946166554752962,0.0278023793536137,0.2537081317024623,0.0666666666666666,3.805621975536936,1.1075602264312367,0.1946166554752962,1.302176881906533,395.6495902776113,9.697823118093469,EXCESS STOCK,REDUCE / REDISTRIBUTE STOCK,0.0,510.71,0.0,PROD-100439,PROD-164668 SEG-515333 Scholar Footwear Court Casual Zephyr,Scholar Footwear,Scholar Footwear Court Casual,Scholar Footwear Court Casual Zephyr,SEG-515333 Scholar Footwear Court Casual Zephyr,STR-1338,Retail Storefront,A,YES,40,P3 - MEDIUM
112053,5,22,Full Price,11.0,1012.0,510.32,2025-11-29,0.0987888603640178,0.0141126943377168,0.0,0.0,0.0,0.0,0.0987888603640178,0.0987888603640178,779.4401080877936,10.901211139635985,EXCESS STOCK,REDUCE / REDISTRIBUTE STOCK,0.0,510.32,0.0,PROD-100439,PROD-164668 SEG-515333 Scholar Footwear Court Casual Zephyr,Scholar Footwear,Scholar Footwear Court Casual,Scholar Footwear Court Casual Zephyr,SEG-515333 Scholar Footwear Court Casual Zephyr,STR-1344,Retail Storefront,A,YES,40,P3 - MEDIUM
18692,18,164,Full Price,6.0,1020.0,508.8,2026-03-21,0.1024907022211852,0.0146415288887407,0.1825741858350553,0.0333333333333333,5.477225575051661,0.7970257210404188,0.1024907022211852,0.899516423261604,409.7932699237419,5.100483576738396,EXCESS STOCK,REDUCE / REDISTRIBUTE STOCK,0.0,508.8,0.0,PROD-124438,PROD-154322 SEG-512711 Femme Footwear Trailblazer Zephyr,Femme Footwear,Femme Footwear Trailblazer,Femme Footwear Trailblazer Zephyr,SEG-512711 Femme Footwear Trailblazer Zephyr,STR-1044,Retail Storefront,A,YES,40,P3 - MEDIUM
190081,9,21,Full Price,11.0,1012.0,508.04,2025-11-18,0.0964034689727788,0.0137719241389684,0.0,0.0,0.0,0.0,0.0964034689727788,0.0964034689727788,798.7264443952972,10.90359653102722,EXCESS STOCK,REDUCE / REDISTRIBUTE STOCK,0.0,508.04,0.0,PROD-100438,PROD-164666 SEG-515333 Scholar Footwear Court Casual Zephyr,Scholar Footwear,Scholar Footwear Court Casual,Scholar Footwear Court Casual Zephyr,SEG-515333 Scholar Footwear Court Casual Zephyr,STR-1074,Retail Storefront,A,YES,40,P3 - MEDIUM
29647,35,67,Full Price,9.0,1170.0,505.26,2026-01-24,0.0631422068613202,0.0090203152659028,0.0,0.0,0.0,0.0,0.0631422068613202,0.0631422068613202,997.7478319433372,8.93685779313868,EXCESS STOCK,REDUCE / REDISTRIBUTE STOCK,0.0,505.26,0.0,PROD-104234,PROD-124866 SEG-505231 Scholar Footwear Boot Collection Plushfoot,Scholar Footwear,Scholar Footwear Boot Collection,Scholar Footwear Boot Collection Plushfoot,SEG-505231 Scholar Footwear Boot Collection Plushfoot,STR-1219,Retail Storefront,A,YES,40,P3 - MEDIUM
198592,37,66,Full Price,9.0,1170.0,504.93,2025-12-17,0.2649566441830576,0.0378509491690082,0.0,0.0,0.0,0.0,0.2649566441830576,0.2649566441830576,237.77475063608335,8.735043355816943,EXCESS STOCK,REDUCE / REDISTRIBUTE STOCK,0.0,504.93,0.0,PROD-104233,PROD-124865 SEG-505231 Scholar Footwear Boot Collection Plushfoot,Scholar Footwear,Scholar Footwear Boot Collection,Scholar Footwear Boot Collection Plushfoot,SEG-505231 Scholar Footwear Boot Collection Plushfoot,STR-1353,Retail Storefront,A,YES,40,P3 - MEDIUM
101701,18,47,Full Price,11.0,990.0,503.44,2026-04-03,0.1304585117125731,0.0186369302446533,0.0,0.0,0.0,0.0,0.1304585117125731,0.1304585117125731,590.2259575798842,10.869541488287426,EXCESS STOCK,REDUCE / REDISTRIBUTE STOCK,0.0,503.44,0.0,PROD-100812,PROD-100955 SEG-500123 Scholar Footwear Flight Classic Zephyr,Scholar Footwear,Scholar Footwear Flight Classic,Scholar Footwear Flight Classic Zephyr,SEG-500123 Scholar Footwear Flight Classic Zephyr,STR-1044,Retail Storefront,A,YES,40,P3 - MEDIUM
40935,38,67,Full Price,9.0,1170.0,503.36,2026-02-08,0.0862021933668667,0.0123145990524095,0.0,0.0,0.0,0.0,0.0862021933668667,0.0862021933668667,730.8398723902438,8.913797806633132,EXCESS STOCK,REDUCE / REDISTRIBUTE STOCK,0.0,503.36,0.0,PROD-104234,PROD-124866 SEG-505231 Scholar Footwear Boot Collection Plushfoot,Scholar Footwear,Scholar Footwear Boot Collection,Scholar Footwear Boot Collection Plushfoot,SEG-505231 Scholar Footwear Boot Collection Plushfoot,STR-1335,Retail Storefront,A,YES,40,P3 - MEDIUM
105330,23,40,Full Price,11.0,990.0,501.29,2026-04-17,0.6511203098079534,0.0930171871154219,0.2537081317024623,0.0666666666666666,3.805621975536935,1.1075602264312367,0.6511203098079534,1.7586805362391902,118.25771495702688,9.24131946376081,EXCESS STOCK,REDUCE / REDISTRIBUTE STOCK,0.0,501.29,0.0,PROD-100805,PROD-102578 SEG-500351 Scholar Footwear Flight Classic Zephyr,Scholar Footwear,Scholar Footwear Flight Classic,Scholar Footwear Flight Classic Zephyr,SEG-500351 Scholar Footwear Flight Classic Zephyr,STR-1149,Retail Storefront,A,YES,40,P3 - MEDIUM
239021,26,33,Full Price,11.0,990.0,501.1,2026-03-27,0.0956583606243708,0.0136654800891958,0.0,0.0,0.0,0.0,0.0956583606243708,0.0956583606243708,804.9479365673209,10.904341639375629,EXCESS STOCK,REDUCE / REDISTRIBUTE STOCK,0.0,501.1,0.0,PROD-100798,PROD-102571 SEG-500351 Scholar Footwear Flight Classic Zephyr,Scholar Footwear,Scholar Footwear Flight Classic,Scholar Footwear Flight Classic Zephyr,SEG-500351 Scholar Footwear Flight Classic Zephyr,STR-1305,Retail Storefront,A,YES,40,P3 - MEDIUM
54647,29,38,Full Price,11.0,990.0,501.04,2026-04-11,0.3002320181326925,0.0428902883046703,0.2537081317024625,0.0666666666666666,3.805621975536938,1.1075602264312376,0.3002320181326925,1.4077922445639302,256.46831566768,9.59220775543607,EXCESS STOCK,REDUCE / REDISTRIBUTE STOCK,0.0,501.04,0.0,PROD-100803,PROD-102577 SEG-500351 Scholar Footwear Flight Classic Zephyr,Scholar Footwear,Scholar Footwear Flight Classic,Scholar Footwear Flight Classic Zephyr,SEG-500351 Scholar Footwear Flight Classic Zephyr,STR-1350,Retail Storefront,A,YES,40,P3 - MEDIUM
3782,14,39,Full Price,11.0,990.0,500.95,2026-04-17,0.4840558257704236,0.0691508322529176,0.3457459036417605,0.1333333333333333,2.593094277313204,1.509350168461409,0.4840558257704236,1.9934059942318327,159.07256126387227,9.006594005768168,EXCESS STOCK,REDUCE / REDISTRIBUTE STOCK,0.0,500.95,0.0,PROD-100804,PROD-102576 SEG-500351 Scholar Footwear Flight Classic Zephyr,Scholar Footwear,Scholar Footwear Flight Classic,Scholar Footwear Flight Classic Zephyr,SEG-500351 Scholar Footwear Flight Classic Zephyr,STR-1082,Retail Storefront,A,YES,40,P3 - MEDIUM
66952,30,46,Full Price,11.0,990.0,500.94,2026-04-03,0.17694506315991,0.0252778661657014,0.1825741858350554,0.0333333333333333,5.477225575051662,0.7970257210404194,0.17694506315991,0.9739707842003296,435.16331354445873,10.02602921579967,EXCESS STOCK,REDUCE / REDISTRIBUTE STOCK,0.0,500.94,0.0,PROD-100811,PROD-100957 SEG-500123 Scholar Footwear Flight Classic Zephyr,Scholar Footwear,Scholar Footwear Flight Classic,Scholar Footwear Flight Classic Zephyr,SEG-500123 Scholar Footwear Flight Classic Zephyr,STR-1094,Retail Storefront,A,YES,40,P3 - MEDIUM
84257,27,38,Full Price,11.0,990.0,500.87,2026-03-28,0.4934638462293699,0.0704948351756242,0.3051285766293646,0.1,3.0512857662936463,1.3320356472396826,0.49346384622937,1.8254994934690525,156.0398002576447,9.174500506530949,EXCESS STOCK,REDUCE / REDISTRIBUTE STOCK,0.0,500.87,0.0,PROD-100803,PROD-102577 SEG-500351 Scholar Footwear Flight Classic Zephyr,Scholar Footwear,Scholar Footwear Flight Classic,Scholar Footwear Flight Classic Zephyr,SEG-500351 Scholar Footwear Flight Classic Zephyr,STR-1234,Retail Storefront,A,YES,40,P3 - MEDIUM
17472,3,46,Full Price,11.0,990.0,500.74,2026-03-02,0.1894627862250975,0.027066112317871,0.1825741858350553,0.0333333333333333,5.477225575051661,0.7970257210404188,0.1894627862250975,0.9864885072655164,406.412264562169,10.013511492734484,EXCESS STOCK,REDUCE / REDISTRIBUTE STOCK,0.0,500.74,0.0,PROD-100811,PROD-100957 SEG-500123 Scholar Footwear Flight Classic Zephyr,Scholar Footwear,Scholar Footwear Flight Classic,Scholar Footwear Flight Classic Zephyr,SEG-500123 Scholar Footwear Flight Classic Zephyr,STR-1145,Retail Storefront,A,YES,40,P3 - MEDIUM
77135,8,46,Full Price,11.0,990.0,500.69,2026-04-01,0.243339218631128,0.0347627455187325,0.2537081317024625,0.0666666666666666,3.805621975536938,1.1075602264312376,0.243339218631128,1.3508994450623657,316.43070292225445,9.649100554937634,EXCESS STOCK,REDUCE / REDISTRIBUTE STOCK,0.0,500.69,0.0,PROD-100811,PROD-100957 SEG-500123 Scholar Footwear Flight Classic Zephyr,Scholar Footwear,Scholar Footwear Flight Classic,Scholar Footwear Flight Classic Zephyr,SEG-500123 Scholar Footwear Flight Classic Zephyr,STR-1006,Retail Storefront,A,YES,40,P3 - MEDIUM
34547,37,48,Full Price,11.0,990.0,500.54,2026-03-26,0.237844261588807,0.0339777516555438,0.1825741858350553,0.0333333333333333,5.477225575051662,0.7970257210404188,0.237844261588807,1.0348699826292258,323.7412560876501,9.965130017370774,EXCESS STOCK,REDUCE / REDISTRIBUTE STOCK,0.0,500.54,0.0,PROD-100813,PROD-100959 SEG-500123 Scholar Footwear Flight Classic Zephyr,Scholar Footwear,Scholar Footwear Flight Classic,Scholar Footwear Flight Classic Zephyr,SEG-500123 Scholar Footwear Flight Classic Zephyr,STR-1353,Retail Storefront,A,YES,40,P3 - MEDIUM
146477,11,11,Full Price,8.0,960.0,472.18,2025-12-10,0.4790532992705828,0.0684361856100832,0.2537081317024623,0.0666666666666666,3.805621975536935,1.1075602264312367,0.4790532992705828,1.5866135257018197,116.897222261629,6.41338647429818,EXCESS STOCK,REDUCE / REDISTRIBUTE STOCK,0.0,472.18,0.0,PROD-100358,PROD-164494 SEG-515310 Femme Footwear Court Casual Zephyr,Femme Footwear,Femme Footwear Court Casual,Femme Footwear Court Casual Zephyr,SEG-515310 Femme Footwear Court Casual Zephyr,STR-1010,Retail Storefront,A,YES,40,P3 - MEDIUM
71101,34,27,Full Price,8.0,920.0,469.04,2025-12-27,0.1038576689456407,0.0148368098493772,0.0,0.0,0.0,0.0,0.1038576689456407,0.1038576689456407,539.1994695096658,7.896142331054359,EXCESS STOCK,REDUCE / REDISTRIBUTE STOCK,0.0,469.04,0.0,PROD-100451,PROD-100827 SEG-500112 Heritage Footwear Flight Classic Zephyr,Femme Footwear,Femme Footwear Flight Classic,Femme Footwear Flight Classic Varied,SEG-500112 Heritage Footwear Flight Classic Zephyr,STR-1237,Retail Storefront,A,YES,40,P3 - MEDIUM
184593,8,1264,Full Price,8.0,1000.0,466.38,2026-03-31,0.3215127129949044,0.0459303875707006,0.3651483716701106,0.0666666666666666,5.477225575051659,1.5940514420808376,0.3215127129949044,1.915564155075742,174.1766273512411,6.084435844924258,EXCESS STOCK,REDUCE / REDISTRIBUTE STOCK,0.0,466.38,0.0,PROD-168533,PROD-187332 SEG-520073 Femme Footwear Boot Collection Plushfoot,Femme Footwear,Femme Footwear Boot Collection,Femme Footwear Boot Collection Plushfoot,SEG-520073 Femme Footwear Boot Collection Plushfoot,STR-1006,Retail Storefront,A,YES,40,P3 - MEDIUM
172867,11,1263,Full Price,8.0,1000.0,466.28,2026-04-16,0.1897658000647367,0.0271094000092481,0.1825741858350554,0.0333333333333333,5.477225575051662,0.7970257210404194,0.1897658000647367,0.986791521105156,295.10059231376863,7.013208478894844,EXCESS STOCK,REDUCE / REDISTRIBUTE STOCK,0.0,466.28,0.0,PROD-168532,PROD-187331 SEG-520073 Femme Footwear Boot Collection Plushfoot,Femme Footwear,Femme Footwear Boot Collection,Femme Footwear Boot Collection Plushfoot,SEG-520073 Femme Footwear Boot Collection Plushfoot,STR-1010,Retail Storefront,A,YES,40,P3 - MEDIUM
257116,29,1270,Full Price,8.0,1000.0,466.24,2026-03-21,0.2186210610448011,0.0312315801492573,0.1825741858350555,0.0333333333333333,5.477225575051665,0.7970257210404197,0.2186210610448011,1.0156467820852209,256.15098441281526,6.984353217914779,EXCESS STOCK,REDUCE / REDISTRIBUTE STOCK,0.0,466.24,0.0,PROD-168539,PROD-187338 SEG-520074 Femme Footwear Boot Collection Plushfoot,Femme Footwear,Femme Footwear Boot Collection,Femme Footwear Boot Collection Plushfoot,SEG-520074 Femme Footwear Boot Collection Plushfoot,STR-1350,Retail Storefront,A,YES,40,P3 - MEDIUM
270586,13,31,Full Price,8.0,920.0,465.56,2026-03-25,0.0940563308717629,0.0134366186959661,0.0,0.0,0.0,0.0,0.0940563308717629,0.0940563308717629,595.387885971767,7.905943669128237,EXCESS STOCK,REDUCE / REDISTRIBUTE STOCK,0.0,465.56,0.0,PROD-100455,PROD-100812 SEG-500112 Heritage Footwear Flight Classic Zephyr,Femme Footwear,Femme Footwear Flight Classic,Femme Footwear Flight Classic Varied,SEG-500112 Heritage Footwear Flight Classic Zephyr,STR-1080,Retail Storefront,A,YES,40,P3 - MEDIUM
115880,18,46,Full Price,10.0,900.0,457.34,2026-03-21,0.212399107955866,0.0303427297079808,0.1825741858350553,0.0333333333333333,5.477225575051661,0.7970257210404188,0.212399107955866,1.0094248289962848,329.5682391215369,8.990575171003716,EXCESS STOCK,REDUCE / REDISTRIBUTE STOCK,0.0,457.34,0.0,PROD-100811,PROD-100957 SEG-500123 Scholar Footwear Flight Classic Zephyr,Scholar Footwear,Scholar Footwear Flight Classic,Scholar Footwear Flight Classic Zephyr,SEG-500123 Scholar Footwear Flight Classic Zephyr,STR-1044,Retail Storefront,A,YES,40,P3 - MEDIUM
97675,32,46,Full Price,10.0,900.0,456.5,2026-02-28,0.1567787665791423,0.0223969666541631,0.0,0.0,0.0,0.0,0.1567787665791423,0.1567787665791423,446.4890337344492,9.843221233420858,EXCESS STOCK,REDUCE / REDISTRIBUTE STOCK,0.0,456.5,0.0,PROD-100811,PROD-100957 SEG-500123 Scholar Footwear Flight Classic Zephyr,Scholar Footwear,Scholar Footwear Flight Classic,Scholar Footwear Flight Classic Zephyr,SEG-500123 Scholar Footwear Flight Classic Zephyr,STR-1075,Retail Storefront,A,YES,40,P3 - MEDIUM
216091,3,39,Full Price,10.0,900.0,455.53,2026-04-17,0.3308341043071521,0.0472620149010217,0.0,0.0,0.0,0.0,0.3308341043071521,0.3308341043071521,211.58640868237327,9.669165895692847,EXCESS STOCK,REDUCE / REDISTRIBUTE STOCK,0.0,455.53,0.0,PROD-100804,PROD-102576 SEG-500351 Scholar Footwear Flight Classic Zephyr,Scholar Footwear,Scholar Footwear Flight Classic,Scholar Footwear Flight Classic Zephyr,SEG-500351 Scholar Footwear Flight Classic Zephyr,STR-1145,Retail Storefront,A,YES,40,P3 - MEDIUM
226083,7,48,Full Price,10.0,900.0,455.43,2026-04-09,0.7405186220776427,0.1057883745825204,0.5208304597621879,0.2666666666666666,1.953114224108205,2.2736799884010006,0.7405186220776427,3.014198610478643,94.52834528806834,6.985801389521357,EXCESS STOCK,REDUCE / REDISTRIBUTE STOCK,0.0,455.43,0.0,PROD-100813,PROD-100959 SEG-500123 Scholar Footwear Flight Classic Zephyr,Scholar Footwear,Scholar Footwear Flight Classic,Scholar Footwear Flight Classic Zephyr,SEG-500123 Scholar Footwear Flight Classic Zephyr,STR-1148,Retail Storefront,A,YES,40,P3 - MEDIUM
125006,9,39,Full Price,10.0,900.0,455.41,2026-04-17,0.5195698901614562,0.0742242700230651,0.2537081317024625,0.0666666666666666,3.805621975536938,1.1075602264312376,0.5195698901614562,1.627130116592694,134.72682179147742,8.372869883407306,EXCESS STOCK,REDUCE / REDISTRIBUTE STOCK,0.0,455.41,0.0,PROD-100804,PROD-102576 SEG-500351 Scholar Footwear Flight Classic Zephyr,Scholar Footwear,Scholar Footwear Flight Classic,Scholar Footwear Flight Classic Zephyr,SEG-500351 Scholar Footwear Flight Classic Zephyr,STR-1074,Retail Storefront,A,YES,40,P3 - MEDIUM
208013,12,48,Full Price,10.0,900.0,455.36,2026-04-16,0.5643842811626814,0.080626325880383,0.2537081317024625,0.0666666666666666,3.805621975536938,1.1075602264312376,0.5643842811626814,1.671944507593919,124.02896809208404,8.328055492406081,EXCESS STOCK,REDUCE / REDISTRIBUTE STOCK,0.0,455.36,0.0,PROD-100813,PROD-100959 SEG-500123 Scholar Footwear Flight Classic Zephyr,Scholar Footwear,Scholar Footwear Flight Classic,Scholar Footwear Flight Classic Zephyr,SEG-500123 Scholar Footwear Flight Classic Zephyr,STR-1038,Retail Storefront,A,YES,40,P3 - MEDIUM
163472,17,46,Full Price,10.0,900.0,455.34,2026-02-26,0.0879999660805673,0.0125714237257953,0.0,0.0,0.0,0.0,0.0879999660805673,0.0879999660805673,795.4548520611058,9.912000033919432,EXCESS STOCK,REDUCE / REDISTRIBUTE STOCK,0.0,455.34,0.0,PROD-100811,PROD-100957 SEG-500123 Scholar Footwear Flight Classic Zephyr,Scholar Footwear,Scholar Footwear Flight Classic,Scholar Footwear Flight Classic Zephyr,SEG-500123 Scholar Footwear Flight Classic Zephyr,STR-1198,Retail Storefront,A,YES,40,P3 - MEDIUM
70957,39,48,Full Price,10.0,900.0,455.28,2026-02-24,0.1479136400731786,0.021130520010454,0.1825741858350553,0.0333333333333333,5.477225575051661,0.7970257210404188,0.1479136400731786,0.9449393611135974,473.2491199957509,9.055060638886404,EXCESS STOCK,REDUCE / REDISTRIBUTE STOCK,0.0,455.28,0.0,PROD-100813,PROD-100959 SEG-500123 Scholar Footwear Flight Classic Zephyr,Scholar Footwear,Scholar Footwear Flight Classic,Scholar Footwear Flight Classic Zephyr,SEG-500123 Scholar Footwear Flight Classic Zephyr,STR-1222,Retail Storefront,A,YES,40,P3 - MEDIUM
163656,8,47,Full Price,10.0,900.0,455.21,2026-04-11,0.1773021342084834,0.0253288763154976,0.1825741858350553,0.0333333333333333,5.477225575051662,0.7970257210404188,0.1773021342084834,0.9743278552489022,394.80630231833214,9.025672144751098,EXCESS STOCK,REDUCE / REDISTRIBUTE STOCK,0.0,455.21,0.0,PROD-100812,PROD-100955 SEG-500123 Scholar Footwear Flight Classic Zephyr,Scholar Footwear,Scholar Footwear Flight Classic,Scholar Footwear Flight Classic Zephyr,SEG-500123 Scholar Footwear Flight Classic Zephyr,STR-1006,Retail Storefront,A,YES,40,P3 - MEDIUM
17481,29,46,Full Price,10.0,900.0,455.08,2026-03-16,0.1134583603388675,0.0162083371912667,0.0,0.0,0.0,0.0,0.1134583603388675,0.1134583603388675,616.9664341255249,9.886541639661132,EXCESS STOCK,REDUCE / REDISTRIBUTE STOCK,0.0,455.08,0.0,PROD-100811,PROD-100957 SEG-500123 Scholar Footwear Flight Classic Zephyr,Scholar Footwear,Scholar Footwear Flight Classic,Scholar Footwear Flight Classic Zephyr,SEG-500123 Scholar Footwear Flight Classic Zephyr,STR-1350,Retail Storefront,A,YES,40,P3 - MEDIUM
64061,1,66,Full Price,8.0,1040.0,447.64,2026-02-18,0.0832541906905997,0.0118934558129428,0.0,0.0,0.0,0.0,0.0832541906905997,0.0832541906905997,672.6388129591534,7.9167458093094,EXCESS STOCK,REDUCE / REDISTRIBUTE STOCK,0.0,447.64,0.0,PROD-104233,PROD-124865 SEG-505231 Scholar Footwear Boot Collection Plushfoot,Scholar Footwear,Scholar Footwear Boot Collection,Scholar Footwear Boot Collection Plushfoot,SEG-505231 Scholar Footwear Boot Collection Plushfoot,STR-1348,Retail Storefront,A,YES,40,P3 - MEDIUM
152197,10,813,Full Price,8.0,880.0,442.91,2026-03-27,0.0903922174220947,0.0129131739174421,0.0,0.0,0.0,0.0,0.0903922174220947,0.0903922174220947,619.5223615159572,7.909607782577905,EXCESS STOCK,REDUCE / REDISTRIBUTE STOCK,0.0,442.91,0.0,PROD-160711,PROD-188565 SEG-520369 Scholar Footwear Trailblazer Zephyr,Scholar Footwear,Scholar Footwear Trailblazer,Scholar Footwear Trailblazer Zephyr,SEG-520369 Scholar Footwear Trailblazer Zephyr,STR-1194,Retail Storefront,A,YES,40,P3 - MEDIUM
60284,9,277,Full Price,8.0,960.0,440.29,2026-02-21,0.1402846860607376,0.0200406694372482,0.0,0.0,0.0,0.0,0.1402846860607376,0.1402846860607376,399.1882619016179,7.859715313939263,EXCESS STOCK,REDUCE / REDISTRIBUTE STOCK,0.0,440.29,0.0,PROD-140871,PROD-100439 SEG-500064 Scholar Footwear Boot Collection Woodland,Scholar Footwear,Scholar Footwear Boot Collection,Scholar Footwear Boot Collection Woodland,SEG-500064 Scholar Footwear Boot Collection Woodland,STR-1074,Retail Storefront,A,YES,40,P3 - MEDIUM
125035,20,160,Full Price,5.0,850.0,429.83,2026-03-27,0.107275348268106,0.0153250497525865,0.0,0.0,0.0,0.0,0.107275348268106,0.107275348268106,326.263214849015,4.892724651731894,EXCESS STOCK,REDUCE / REDISTRIBUTE STOCK,0.0,429.83,0.0,PROD-124434,PROD-154329 SEG-512711 Femme Footwear Trailblazer Zephyr,Femme Footwear,Femme Footwear Trailblazer,Femme Footwear Trailblazer Zephyr,SEG-512711 Femme Footwear Trailblazer Zephyr,STR-1114,Retail Storefront,A,YES,40,P3 - MEDIUM
268266,17,21,Full Price,9.0,828.0,420.76,2026-04-02,0.1034526856110017,0.0147789550872859,0.0,0.0,0.0,0.0,0.1034526856110017,0.1034526856110017,608.9740409146058,8.896547314388998,EXCESS STOCK,REDUCE / REDISTRIBUTE STOCK,0.0,420.76,0.0,PROD-100438,PROD-164666 SEG-515333 Scholar Footwear Court Casual Zephyr,Scholar Footwear,Scholar Footwear Court Casual,Scholar Footwear Court Casual Zephyr,SEG-515333 Scholar Footwear Court Casual Zephyr,STR-1198,Retail Storefront,A,YES,40,P3 - MEDIUM
48839,26,21,Full Price,9.0,828.0,417.5,2025-12-12,0.2352611051928516,0.0336087293132645,0.1825741858350552,0.0333333333333333,5.477225575051656,0.7970257210404184,0.2352611051928516,1.0322868262332698,267.7875713809843,7.967713173766731,EXCESS STOCK,REDUCE / REDISTRIBUTE STOCK,0.0,417.5,0.0,PROD-100438,PROD-164666 SEG-515333 Scholar Footwear Court Casual Zephyr,Scholar Footwear,Scholar Footwear Court Casual,Scholar Footwear Court Casual Zephyr,SEG-515333 Scholar Footwear Court Casual Zephyr,STR-1305,Retail Storefront,A,YES,40,P3 - MEDIUM
234552,13,21,Full Price,9.0,828.0,415.46,2025-12-06,0.0774528088989758,0.0110646869855679,0.0,0.0,0.0,0.0,0.0774528088989758,0.0774528088989758,813.3985183438978,8.922547191101025,EXCESS STOCK,REDUCE / REDISTRIBUTE STOCK,0.0,415.46,0.0,PROD-100438,PROD-164666 SEG-515333 Scholar Footwear Court Casual Zephyr,Scholar Footwear,Scholar Footwear Court Casual,Scholar Footwear Court Casual Zephyr,SEG-515333 Scholar Footwear Court Casual Zephyr,STR-1080,Retail Storefront,A,YES,40,P3 - MEDIUM
69065,14,22,Full Price,9.0,828.0,415.35,2026-02-13,0.330854459475305,0.0472649227821864,0.2537081317024625,0.0666666666666666,3.805621975536938,1.1075602264312376,0.330854459475305,1.4384146859065428,190.416052121257,7.561585314093457,EXCESS STOCK,REDUCE / REDISTRIBUTE STOCK,0.0,415.35,0.0,PROD-100439,PROD-164668 SEG-515333 Scholar Footwear Court Casual Zephyr,Scholar Footwear,Scholar Footwear Court Casual,Scholar Footwear Court Casual Zephyr,SEG-515333 Scholar Footwear Court Casual Zephyr,STR-1082,Retail Storefront,A,YES,40,P3 - MEDIUM
42751,23,8,Full Price,7.0,840.0,414.63,2026-01-03,0.1115325958693477,0.0159332279813353,0.1825741858350553,0.0333333333333333,5.477225575051661,0.7970257210404188,0.1115325958693477,0.9085583169097664,439.33344882782,6.091441683090234,EXCESS STOCK,REDUCE / REDISTRIBUTE STOCK,0.0,414.63,0.0,PROD-100355,PROD-164491 SEG-515310 Femme Footwear Court Casual Zephyr,Femme Footwear,Femme Footwear Court Casual,Femme Footwear Court Casual Zephyr,SEG-515310 Femme Footwear Court Casual Zephyr,STR-1149,Retail Storefront,A,YES,40,P3 - MEDIUM
255004,17,7,Full Price,7.0,840.0,413.23,2025-11-23,0.1557992359344275,0.0222570337049182,0.0,0.0,0.0,0.0,0.1557992359344275,0.1557992359344275,314.5073190257687,6.844200764065572,EXCESS STOCK,REDUCE / REDISTRIBUTE STOCK,0.0,413.23,0.0,PROD-100354,PROD-164490 SEG-515310 Femme Footwear Court Casual Zephyr,Femme Footwear,Femme Footwear Court Casual,Femme Footwear Court Casual Zephyr,SEG-515310 Femme Footwear Court Casual Zephyr,STR-1198,Retail Storefront,A,YES,40,P3 - MEDIUM
188497,34,24,Full Price,7.0,805.0,410.42,2026-03-26,0.1101759495808946,0.0157394213686992,0.0,0.0,0.0,0.0,0.1101759495808946,0.1101759495808946,444.7431602486226,6.889824050419105,EXCESS STOCK,REDUCE / REDISTRIBUTE STOCK,0.0,410.42,0.0,PROD-100448,PROD-100824 SEG-500112 Heritage Footwear Flight Classic Zephyr,Femme Footwear,Femme Footwear Flight Classic,Femme Footwear Flight Classic Varied,SEG-500112 Heritage Footwear Flight Classic Zephyr,STR-1237,Retail Storefront,A,YES,40,P3 - MEDIUM
178176,34,28,Full Price,7.0,805.0,410.41,2025-11-27,0.0793892839231594,0.011341326274737,0.0,0.0,0.0,0.0,0.0793892839231594,0.0793892839231594,617.211764341229,6.92061071607684,EXCESS STOCK,REDUCE / REDISTRIBUTE STOCK,0.0,410.41,0.0,PROD-100452,PROD-100828 SEG-500112 Heritage Footwear Flight Classic Zephyr,Femme Footwear,Femme Footwear Flight Classic,Femme Footwear Flight Classic Varied,SEG-500112 Heritage Footwear Flight Classic Zephyr,STR-1237,Retail Storefront,A,YES,40,P3 - MEDIUM
268268,24,33,Full Price,9.0,810.0,409.99,2026-04-02,0.0950259419958807,0.0135751345708401,0.0,0.0,0.0,0.0,0.0950259419958807,0.0950259419958807,662.97685323373,8.90497405800412,EXCESS STOCK,REDUCE / REDISTRIBUTE STOCK,0.0,409.99,0.0,PROD-100798,PROD-102571 SEG-500351 Scholar Footwear Flight Classic Zephyr,Scholar Footwear,Scholar Footwear Flight Classic,Scholar Footwear Flight Classic Zephyr,SEG-500351 Scholar Footwear Flight Classic Zephyr,STR-1109,Retail Storefront,A,YES,40,P3 - MEDIUM
78593,21,38,Full Price,9.0,810.0,409.97,2026-02-19,0.2101028846543503,0.0300146978077643,0.1825741858350559,0.0333333333333333,5.477225575051677,0.7970257210404215,0.2101028846543503,1.007128605694772,299.8530938956127,7.992871394305228,EXCESS STOCK,REDUCE / REDISTRIBUTE STOCK,0.0,409.97,0.0,PROD-100803,PROD-102577 SEG-500351 Scholar Footwear Flight Classic Zephyr,Scholar Footwear,Scholar Footwear Flight Classic,Scholar Footwear Flight Classic Zephyr,SEG-500351 Scholar Footwear Flight Classic Zephyr,STR-1107,Retail Storefront,A,YES,40,P3 - MEDIUM
94711,17,48,Full Price,9.0,810.0,409.93,2025-12-11,0.125594284856644,0.0179420406938062,0.0,0.0,0.0,0.0,0.125594284856644,0.125594284856644,501.6151815499371,8.874405715143356,EXCESS STOCK,REDUCE / REDISTRIBUTE STOCK,0.0,409.93,0.0,PROD-100813,PROD-100959 SEG-500123 Scholar Footwear Flight Classic Zephyr,Scholar Footwear,Scholar Footwear Flight Classic,Scholar Footwear Flight Classic Zephyr,SEG-500123 Scholar Footwear Flight Classic Zephyr,STR-1198,Retail Storefront,A,YES,40,P3 - MEDIUM
22401,12,38,Full Price,9.0,810.0,409.89,2026-04-03,0.5937498251662875,0.0848214035951839,0.2537081317024623,0.0666666666666666,3.805621975536936,1.1075602264312367,0.5937498251662875,1.7013100515975244,106.10529440131796,7.298689948402476,EXCESS STOCK,REDUCE / REDISTRIBUTE STOCK,0.0,409.89,0.0,PROD-100803,PROD-102577 SEG-500351 Scholar Footwear Flight Classic Zephyr,Scholar Footwear,Scholar Footwear Flight Classic,Scholar Footwear Flight Classic Zephyr,SEG-500351 Scholar Footwear Flight Classic Zephyr,STR-1038,Retail Storefront,A,YES,40,P3 - MEDIUM
32723,24,46,Full Price,9.0,810.0,409.85,2026-04-03,0.1500336759092193,0.0214333822727456,0.2537081317024625,0.0666666666666666,3.805621975536938,1.1075602264312376,0.1500336759092193,1.257593902340457,419.9057286186825,7.742406097659543,EXCESS STOCK,REDUCE / REDISTRIBUTE STOCK,0.0,409.85,0.0,PROD-100811,PROD-100957 SEG-500123 Scholar Footwear Flight Classic Zephyr,Scholar Footwear,Scholar Footwear Flight Classic,Scholar Footwear Flight Classic Zephyr,SEG-500123 Scholar Footwear Flight Classic Zephyr,STR-1109,Retail Storefront,A,YES,40,P3 - MEDIUM
76740,19,48,Full Price,9.0,810.0,409.85,2026-03-31,0.2083107402652344,0.0297586771807477,0.1825741858350553,0.0333333333333333,5.477225575051662,0.7970257210404188,0.2083107402652344,1.0053364613056532,302.4327978470261,7.994663538694347,EXCESS STOCK,REDUCE / REDISTRIBUTE STOCK,0.0,409.85,0.0,PROD-100813,PROD-100959 SEG-500123 Scholar Footwear Flight Classic Zephyr,Scholar Footwear,Scholar Footwear Flight Classic,Scholar Footwear Flight Classic Zephyr,SEG-500123 Scholar Footwear Flight Classic Zephyr,STR-1253,Retail Storefront,A,YES,40,P3 - MEDIUM
226077,27,40,Full Price,9.0,810.0,409.84,2026-04-16,0.6972196613902012,0.0996028087700287,0.3051285766293645,0.1,3.051285766293645,1.3320356472396824,0.6972196613902012,2.0292553086298835,90.35889761683278,6.9707446913701165,EXCESS STOCK,REDUCE / REDISTRIBUTE STOCK,0.0,409.84,0.0,PROD-100805,PROD-102578 SEG-500351 Scholar Footwear Flight Classic Zephyr,Scholar Footwear,Scholar Footwear Flight Classic,Scholar Footwear Flight Classic Zephyr,SEG-500351 Scholar Footwear Flight Classic Zephyr,STR-1234,Retail Storefront,A,YES,40,P3 - MEDIUM
54641,11,48,Full Price,9.0,810.0,409.84,2026-04-11,0.1113291381795583,0.0159041625970797,0.0,0.0,0.0,0.0,0.1113291381795583,0.1113291381795583,565.8895867709834,8.888670861820442,EXCESS STOCK,REDUCE / REDISTRIBUTE STOCK,0.0,409.84,0.0,PROD-100813,PROD-100959 SEG-500123 Scholar Footwear Flight Classic Zephyr,Scholar Footwear,Scholar Footwear Flight Classic,Scholar Footwear Flight Classic Zephyr,SEG-500123 Scholar Footwear Flight Classic Zephyr,STR-1010,Retail Storefront,A,YES,40,P3 - MEDIUM
179604,21,48,Full Price,9.0,810.0,409.84,2025-12-17,0.5641654619214973,0.0805950659887853,0.1825741858350553,0.0333333333333333,5.477225575051661,0.7970257210404188,0.5641654619214973,1.361191182961916,111.66936697157536,7.638808817038084,EXCESS STOCK,REDUCE / REDISTRIBUTE STOCK,0.0,409.84,0.0,PROD-100813,PROD-100959 SEG-500123 Scholar Footwear Flight Classic Zephyr,Scholar Footwear,Scholar Footwear Flight Classic,Scholar Footwear Flight Classic Zephyr,SEG-500123 Scholar Footwear Flight Classic Zephyr,STR-1107,Retail Storefront,A,YES,40,P3 - MEDIUM
209699,10,48,Full Price,9.0,810.0,409.83,2026-03-11,0.2582655984895041,0.0368950854985005,0.1825741858350553,0.0333333333333333,5.477225575051661,0.7970257210404188,0.2582655984895041,1.055291319529923,243.9349273324156,7.944708680470077,EXCESS STOCK,REDUCE / REDISTRIBUTE STOCK,0.0,409.83,0.0,PROD-100813,PROD-100959 SEG-500123 Scholar Footwear Flight Classic Zephyr,Scholar Footwear,Scholar Footwear Flight Classic,Scholar Footwear Flight Classic Zephyr,SEG-500123 Scholar Footwear Flight Classic Zephyr,STR-1194,Retail Storefront,A,YES,40,P3 - MEDIUM
143499,6,46,Full Price,9.0,810.0,409.83,2026-03-12,0.1108672012371631,0.015838171605309,0.0,0.0,0.0,0.0,0.1108672012371631,0.1108672012371631,568.247410388151,8.889132798762837,EXCESS STOCK,REDUCE / REDISTRIBUTE STOCK,0.0,409.83,0.0,PROD-100811,PROD-100957 SEG-500123 Scholar Footwear Flight Classic Zephyr,Scholar Footwear,Scholar Footwear Flight Classic,Scholar Footwear Flight Classic Zephyr,SEG-500123 Scholar Footwear Flight Classic Zephyr,STR-1338,Retail Storefront,A,YES,40,P3 - MEDIUM
263661,5,38,Full Price,9.0,810.0,409.82,2025-12-30,0.1599283112311789,0.0228469016044541,0.0,0.0,0.0,0.0,0.1599283112311789,0.1599283112311789,393.92650066149,8.840071688768822,EXCESS STOCK,REDUCE / REDISTRIBUTE STOCK,0.0,409.82,0.0,PROD-100803,PROD-102577 SEG-500351 Scholar Footwear Flight Classic Zephyr,Scholar Footwear,Scholar Footwear Flight Classic,Scholar Footwear Flight Classic Zephyr,SEG-500351 Scholar Footwear Flight Classic Zephyr,STR-1344,Retail Storefront,A,YES,40,P3 - MEDIUM
172555,3,48,Full Price,9.0,810.0,409.82,2026-04-11,0.500734037130875,0.0715334338758393,0.3051285766293647,0.1,3.051285766293648,1.3320356472396833,0.500734037130875,1.8327696843705583,125.81529380542972,7.167230315629442,EXCESS STOCK,REDUCE / REDISTRIBUTE STOCK,0.0,409.82,0.0,PROD-100813,PROD-100959 SEG-500123 Scholar Footwear Flight Classic Zephyr,Scholar Footwear,Scholar Footwear Flight Classic,Scholar Footwear Flight Classic Zephyr,SEG-500123 Scholar Footwear Flight Classic Zephyr,STR-1145,Retail Storefront,A,YES,40,P3 - MEDIUM
126765,4,46,Full Price,9.0,810.0,409.75,2026-01-22,0.05432161364583,0.0077602305208328,0.0,0.0,0.0,0.0,0.05432161364583,0.05432161364583,1159.7593622816871,8.94567838635417,EXCESS STOCK,REDUCE / REDISTRIBUTE STOCK,0.0,409.75,0.0,PROD-100811,PROD-100957 SEG-500123 Scholar Footwear Flight Classic Zephyr,Scholar Footwear,Scholar Footwear Flight Classic,Scholar Footwear Flight Classic Zephyr,SEG-500123 Scholar Footwear Flight Classic Zephyr,STR-1229,Retail Storefront,A,YES,40,P3 - MEDIUM
205529,4,48,Full Price,9.0,810.0,409.75,2026-03-14,0.4460139978993315,0.0637162854141902,0.2537081317024625,0.0666666666666666,3.805621975536938,1.1075602264312376,0.4460139978993314,1.553574224330569,141.25117215316536,7.4464257756694305,EXCESS STOCK,REDUCE / REDISTRIBUTE STOCK,0.0,409.75,0.0,PROD-100813,PROD-100959 SEG-500123 Scholar Footwear Flight Classic Zephyr,Scholar Footwear,Scholar Footwear Flight Classic,Scholar Footwear Flight Classic Zephyr,SEG-500123 Scholar Footwear Flight Classic Zephyr,STR-1229,Retail Storefront,A,YES,40,P3 - MEDIUM
216107,2,46,Full Price,9.0,810.0,409.71,2026-04-17,0.1815995743254209,0.0259427963322029,0.2537081317024625,0.0666666666666666,3.805621975536938,1.1075602264312376,0.1815995743254209,1.2891598007566585,346.9171127411672,7.710840199243341,EXCESS STOCK,REDUCE / REDISTRIBUTE STOCK,0.0,409.71,0.0,PROD-100811,PROD-100957 SEG-500123 Scholar Footwear Flight Classic Zephyr,Scholar Footwear,Scholar Footwear Flight Classic,Scholar Footwear Flight Classic Zephyr,SEG-500123 Scholar Footwear Flight Classic Zephyr,STR-1157,Retail Storefront,A,YES,40,P3 - MEDIUM
155737,36,48,Full Price,9.0,810.0,409.69,2026-04-04,0.1458828639505915,0.0208404091357987,0.0,0.0,0.0,0.0,0.1458828639505915,0.1458828639505915,431.8533259762245,8.854117136049409,EXCESS STOCK,REDUCE / REDISTRIBUTE STOCK,0.0,409.69,0.0,PROD-100813,PROD-100959 SEG-500123 Scholar Footwear Flight Classic Zephyr,Scholar Footwear,Scholar Footwear Flight Classic,Scholar Footwear Flight Classic Zephyr,SEG-500123 Scholar Footwear Flight Classic Zephyr,STR-1163,Retail Storefront,A,YES,40,P3 - MEDIUM
263837,15,48,Full Price,9.0,810.0,409.62,2026-03-10,0.1046763119264128,0.0149537588466304,0.0,0.0,0.0,0.0,0.1046763119264128,0.1046763119264128,601.8553657516022,8.895323688073587,EXCESS STOCK,REDUCE / REDISTRIBUTE STOCK,0.0,409.62,0.0,PROD-100813,PROD-100959 SEG-500123 Scholar Footwear Flight Classic Zephyr,Scholar Footwear,Scholar Footwear Flight Classic,Scholar Footwear Flight Classic Zephyr,SEG-500123 Scholar Footwear Flight Classic Zephyr,STR-1203,Retail Storefront,A,YES,40,P3 - MEDIUM
215082,34,47,Full Price,9.0,810.0,409.45,2026-03-28,0.1009284417870965,0.014418348826728,0.0,0.0,0.0,0.0,0.1009284417870965,0.1009284417870965,624.2046234390034,8.899071558212903,EXCESS STOCK,REDUCE / REDISTRIBUTE STOCK,0.0,409.45,0.0,PROD-100812,PROD-100955 SEG-500123 Scholar Footwear Flight Classic Zephyr,Scholar Footwear,Scholar Footwear Flight Classic,Scholar Footwear Flight Classic Zephyr,SEG-500123 Scholar Footwear Flight Classic Zephyr,STR-1237,Retail Storefront,A,YES,40,P3 - MEDIUM
283391,18,1271,Full Price,7.0,875.0,408.32,2026-04-13,0.1521258097651136,0.0217322585378733,0.0,0.0,0.0,0.0,0.1521258097651136,0.1521258097651136,322.1018187226567,6.847874190234887,EXCESS STOCK,REDUCE / REDISTRIBUTE STOCK,0.0,408.32,0.0,PROD-168540,PROD-187339 SEG-520074 Femme Footwear Boot Collection Plushfoot,Femme Footwear,Femme Footwear Boot Collection,Femme Footwear Boot Collection Plushfoot,SEG-520074 Femme Footwear Boot Collection Plushfoot,STR-1044,Retail Storefront,A,YES,40,P3 - MEDIUM
16562,1,277,Full Price,8.0,960.0,404.8,2025-12-30,0.1490658381375851,0.0212951197339407,0.3051285766293646,0.1,3.0512857662936463,1.3320356472396826,0.1490658381375851,1.4811014853772675,375.6729288189624,6.518898514622732,EXCESS STOCK,REDUCE / REDISTRIBUTE STOCK,0.0,404.8,0.0,PROD-140871,PROD-100439 SEG-500064 Scholar Footwear Boot Collection Woodland,Scholar Footwear,Scholar Footwear Boot Collection,Scholar Footwear Boot Collection Woodland,SEG-500064 Scholar Footwear Boot Collection Woodland,STR-1348,Retail Storefront,A,YES,40,P3 - MEDIUM
146162,40,2135,Full Price,5.0,735.0,402.93,2026-03-15,0.1342263732506414,0.019175196178663,0.0,0.0,0.0,0.0,0.1342263732506414,0.1342263732506414,260.75352520062773,4.865773626749359,EXCESS STOCK,REDUCE / REDISTRIBUTE STOCK,0.0,402.93,0.0,PROD-181891,PROD-152294 SEG-512268 Scholar Footwear Trailblazer Zephyr,Scholar Footwear,Scholar Footwear Trailblazer,Scholar Footwear Trailblazer Zephyr,SEG-512268 Scholar Footwear Trailblazer Zephyr,STR-1308,Retail Storefront,A,YES,40,P3 - MEDIUM
191819,31,261,Full Price,6.0,750.0,393.91,2026-04-14,0.0896482627593504,0.0128068946799072,0.0,0.0,0.0,0.0,0.0896482627593504,0.0896482627593504,468.4976452108588,5.910351737240649,EXCESS STOCK,REDUCE / REDISTRIBUTE STOCK,0.0,393.91,0.0,PROD-139835,PROD-138303 SEG-508706 Scholar Footwear Modern Legend Summit,Scholar Footwear,Scholar Footwear Modern Legend,Scholar Footwear Modern Legend Summit,SEG-508706 Scholar Footwear Modern Legend Summit,STR-1085,Retail Storefront,A,YES,40,P3 - MEDIUM
3940,19,1983,Full Price,4.0,740.0,374.44,2026-03-07,0.1894157514484595,0.0270593930640656,0.0,0.0,0.0,0.0,0.1894157514484595,0.1894157514484595,147.82297557560236,3.8105842485515407,EXCESS STOCK,REDUCE / REDISTRIBUTE STOCK,0.0,374.44,0.0,PROD-178806,PROD-141517 SEG-509388 Scholar Footwear Hardcourt Zephyr,Scholar Footwear,Scholar Footwear Hardcourt,Scholar Footwear Hardcourt Zephyr,SEG-509388 Scholar Footwear Hardcourt Zephyr,STR-1253,Retail Storefront,B,YES,25,P3 - MEDIUM
92816,28,1979,Full Price,4.0,740.0,374.44,2026-01-30,0.0586823274415094,0.0083831896345013,0.0,0.0,0.0,0.0,0.0586823274415094,0.0586823274415094,477.145355693475,3.9413176725584895,EXCESS STOCK,REDUCE / REDISTRIBUTE STOCK,0.0,374.44,0.0,PROD-178802,PROD-141520 SEG-509388 Scholar Footwear Hardcourt Zephyr,Scholar Footwear,Scholar Footwear Hardcourt,Scholar Footwear Hardcourt Zephyr,SEG-509388 Scholar Footwear Hardcourt Zephyr,STR-1235,Retail Storefront,A,YES,40,P3 - MEDIUM
56044,30,21,Full Price,8.0,736.0,370.86,2025-10-24,0.2040258555616969,0.0291465507945281,0.4025778999364486,0.1,4.025778999364486,1.757449660828106,0.2040258555616969,1.961475516389803,274.47501614845936,6.038524483610197,EXCESS STOCK,REDUCE / REDISTRIBUTE STOCK,0.0,370.86,0.0,PROD-100438,PROD-164666 SEG-515333 Scholar Footwear Court Casual Zephyr,Scholar Footwear,Scholar Footwear Court Casual,Scholar Footwear Court Casual Zephyr,SEG-515333 Scholar Footwear Court Casual Zephyr,STR-1094,Retail Storefront,A,YES,40,P3 - MEDIUM
176661,26,221,Full Price,5.0,800.0,370.59,2025-12-20,0.3331829112328145,0.0475975587475449,0.0,0.0,0.0,0.0,0.3331829112328145,0.3331829112328145,105.04740435365076,4.666817088767186,EXCESS STOCK,REDUCE / REDISTRIBUTE STOCK,0.0,370.59,0.0,PROD-138129,PROD-189496 SEG-520545 Femme Footwear Boot Collection Plushfoot,Femme Footwear,Femme Footwear Boot Collection,Femme Footwear Boot Collection Plushfoot,SEG-520545 Femme Footwear Boot Collection Plushfoot,STR-1305,Retail Storefront,B,YES,25,P3 - MEDIUM
217038,28,21,Full Price,8.0,736.0,369.95,2025-12-19,0.2431921730952719,0.0347417390136102,0.0,0.0,0.0,0.0,0.2431921730952719,0.2431921730952719,230.27056869162348,7.756807826904728,EXCESS STOCK,REDUCE / REDISTRIBUTE STOCK,0.0,369.95,0.0,PROD-100438,PROD-164666 SEG-515333 Scholar Footwear Court Casual Zephyr,Scholar Footwear,Scholar Footwear Court Casual,Scholar Footwear Court Casual Zephyr,SEG-515333 Scholar Footwear Court Casual Zephyr,STR-1235,Retail Storefront,A,YES,40,P3 - MEDIUM
54113,9,22,Full Price,8.0,736.0,369.48,2026-01-19,0.2177780378409495,0.0311111482629927,0.1825741858350553,0.0333333333333333,5.477225575051662,0.7970257210404188,0.2177780378409495,1.0148037588813683,257.1425500715487,6.985196241118632,EXCESS STOCK,REDUCE / REDISTRIBUTE STOCK,0.0,369.48,0.0,PROD-100439,PROD-164668 SEG-515333 Scholar Footwear Court Casual Zephyr,Scholar Footwear,Scholar Footwear Court Casual,Scholar Footwear Court Casual Zephyr,SEG-515333 Scholar Footwear Court Casual Zephyr,STR-1074,Retail Storefront,A,YES,40,P3 - MEDIUM
103594,32,47,Full Price,8.0,720.0,365.18,2026-04-11,0.1531737008533956,0.0218819572647708,0.0,0.0,0.0,0.0,0.1531737008533956,0.1531737008533956,365.5980085876377,7.8468262991466045,EXCESS STOCK,REDUCE / REDISTRIBUTE STOCK,0.0,365.18,0.0,PROD-100812,PROD-100955 SEG-500123 Scholar Footwear Flight Classic Zephyr,Scholar Footwear,Scholar Footwear Flight Classic,Scholar Footwear Flight Classic Zephyr,SEG-500123 Scholar Footwear Flight Classic Zephyr,STR-1075,Retail Storefront,A,YES,40,P3 - MEDIUM
